invoice_id,MANDT,KUNNR,NAME1,LAND1
"[0, 1, 2, 3, 4, 5, 6, 7, 166, 328, 518, 533, 607, 769, 1041, 1136, 1245, 1382, 1468, 1469, 1473, 1579, 1597, 1598, 1599, 1600, 1603, 1604, 1605, 1617, 1684, 1766, 1767, 1768, 1769, 1780, 1906, 1907, 2039, 2107, 2108, 2109, 2192, 2245, 2316, 2372, 2550, 2556, 2557, 2558, 2686, 2756, 2757, 2758, 2962, 3060, 3169, 3170, 3171, 3172, 3173, 3223, 3300, 3462, 3464, 3505, 3522, 3539, 3553, 3640, 3685, 3686, 3687, 3688, 3880, 3918, 3930, 4055, 4166, 4169, 4170, 4171, 4201, 4349, 4384, 4390, 4501, 4720, 4745, 4851, 4877, 4994, 5027, 5092, 5168, 5224, 5285, 5458, 5542, 5571, 5572, 5573, 5574, 5779, 5814, 5839, 5840, 5870, 5909, 6079, 6142, 6180, 6265, 6340, 6471, 6601, 6613, 6662, 6814, 6972, 7032, 7085, 7139, 7162, 7434, 7451, 7544, 7664, 7696, 7697, 7755, 7772, 7773, 7774, 7791, 7833, 8018, 8051, 8115, 8116, 8117, 8118, 8147, 8257, 8314, 8315, 8316, 8317, 8345, 8374, 8439, 8452, 8472, 8498, 8610, 8772, 8773, 8774, 8777, 8868, 8869, 8870, 8871, 8968, 8984, 8985, 8986, 8996, 9121, 9122, 9123, 9124, 9125, 9126, 9183, 9277, 9359, 9458, 9478, 9480, 9647, 9671, 9740, 9760, 9836, 9851, 9942, 9991, 9992, 10016, 10111, 10132, 10345, 10404, 10524, 10621, 10622, 10623, 10846, 10847, 10848, 10849, 10865, 11032, 11103, 11104, 11105, 11185, 11220, 11221, 11222, 11223, 11396, 11716, 11717, 11790, 11894, 11904, 11905, 11906, 11907, 11908, 11909, 11910, 11911, 12092, 12119, 12120, 12121, 12122, 12123, 12152, 12153, 12154, 12165, 12190, 12379, 12430, 12473, 12517, 12543, 12547, 12548, 12549, 12550, 12624, 12642, 12709, 12710, 12711, 12712, 12870, 12893, 12894, 12964, 13018, 13035, 13054, 13055, 13056, 13057, 13071, 13089, 13146, 13254, 13392, 13449, 13479, 13628, 13682, 13683, 13684, 13685, 13922, 13923, 13924, 13925, 13966, 13969, 14015, 14093, 14100, 14101, 14102, 14103, 14104, 14205, 14206, 14207, 14438, 14469, 14496, 14621, 14680, 14681, 14682, 14683, 14684, 14687, 14717, 15099, 15239, 15273, 15300, 15301, 15302, 15303, 15304, 15425, 15432, 15433, 15434, 15435, 15492, 15493, 15494, 15495, 15496, 15497, 15517]",001,ZAL0239607,Aurora Digital Labs,US
"[8, 9, 10, 11, 134, 135, 136, 229, 230, 383, 504, 505, 506, 507, 508, 579, 580, 581, 582, 583, 604, 708, 777, 926, 991, 1029, 1030, 1032, 1033, 1329, 1357, 1366, 1400, 1448, 1583, 1615, 1650, 1770, 1904, 2033, 2128, 2187, 2275, 2276, 2277, 2278, 2279, 2305, 2376, 2484, 2496, 2652, 2653, 2654, 2655, 2656, 2922, 2923, 2924, 2925, 3056, 3061, 3109, 3110, 3111, 3140, 3250, 3292, 3312, 3361, 3500, 3535, 3536, 3537, 3538, 3596, 3615, 3675, 3792, 3793, 3794, 3795, 3796, 3797, 3798, 3850, 3851, 3852, 3853, 3854, 3943, 3945, 3975, 3996, 4016, 4067, 4077, 4078, 4079, 4080, 4081, 4143, 4307, 4337, 4489, 4516, 4517, 4627, 4629, 4702, 4819, 4865, 4906, 4919, 4921, 4953, 4958, 4976, 4977, 4978, 4979, 5077, 5078, 5079, 5080, 5143, 5144, 5145, 5146, 5147, 5172, 5343, 5433, 5434, 5435, 5447, 5686, 5687, 5688, 5689, 5690, 5720, 5780, 5901, 6006, 6018, 6045, 6136, 6178, 6191, 6336, 6426, 6506, 6584, 6649, 6780, 6921, 6947, 6948, 7094, 7280, 7293, 7319, 7499, 7653, 7654, 7655, 7656, 7657, 7763, 7879, 7984, 8056, 8125, 8162, 8163, 8164, 8172, 8272, 8273, 8284, 8285, 8362, 8588, 8589, 8590, 8591, 8592, 8961, 8962, 8963, 8964, 8965, 9051, 9068, 9181, 9196, 9197, 9198, 9450, 9510, 9511, 9542, 9554, 9588, 9625, 9824, 9838, 9947, 9987, 10058, 10063, 10064, 10065, 10066, 10097, 10105, 10193, 10194, 10195, 10196, 10197, 10198, 10199, 10231, 10330, 10479, 10516, 10654, 10668, 10669, 10670, 10671, 10672, 10678, 10728, 10746, 10757, 10758, 10759, 10807, 10837, 10855, 10859, 10943, 10996, 10998, 11031, 11144, 11524, 11554, 11980, 11984, 11988, 11989, 11990, 12010, 12021, 12082, 12084, 12147, 12302, 12328, 12478, 12505, 12623, 12721, 12722, 12816, 13021, 13067, 13230, 13318, 13434, 13475, 13476, 13548, 13555, 13664, 13700, 13701, 13705, 13767, 13820, 13829, 13853, 13854, 13859, 13881, 14058, 14075, 14266, 14267, 14268, 14269, 14327, 14533, 14538, 14629, 14630, 14631, 14679, 14757, 14809, 14830, 14865, 14866, 14867, 14889, 14961, 14962, 14963, 14974, 15191, 15192, 15193, 15194, 15195, 15309, 15461, 15462, 15463, 15464]",001,UXJ6820071,Rossi & Figli S.p.A.,CH
"[12, 210, 295, 526, 527, 528, 529, 530, 618, 651, 734, 735, 736, 737, 738, 739, 740, 803, 861, 1040, 1044, 1110, 1122, 1153, 1154, 1155, 1156, 1157, 1158, 1195, 1203, 1409, 1410, 1411, 1412, 1413, 1643, 1788, 1853, 1905, 1940, 1959, 1975, 2061, 2184, 2285, 2286, 2287, 2288, 2289, 2337, 2416, 2417, 2418, 2419, 2544, 2567, 2568, 2569, 2570, 2625, 2641, 2643, 2725, 2782, 2799, 2801, 2819, 2820, 2821, 2940, 2941, 2942, 2943, 2945, 3072, 3073, 3133, 3231, 3249, 3251, 3262, 3344, 3433, 3613, 3616, 3813, 3832, 3845, 3874, 3875, 3876, 3877, 3879, 4096, 4165, 4190, 4221, 4306, 4311, 4320, 4359, 4371, 4434, 4486, 4515, 4526, 4656, 4738, 4739, 4740, 4741, 4780, 4781, 4782, 4783, 5020, 5029, 5179, 5245, 5413, 5414, 5457, 5540, 5585, 5659, 5766, 5818, 5819, 6271, 6350, 6368, 6418, 6491, 6557, 6558, 6623, 6642, 6643, 6644, 6647, 6824, 6825, 6826, 6827, 6828, 6863, 6908, 7076, 7104, 7108, 7239, 7282, 7403, 7547, 7821, 7822, 7823, 7827, 7900, 7961, 7993, 7994, 7995, 7996, 8074, 8083, 8139, 8140, 8141, 8142, 8143, 8175, 8208, 8338, 8473, 8474, 8500, 8507, 8650, 8664, 8670, 8671, 8672, 8673, 8674, 8810, 8872, 9100, 9101, 9102, 9103, 9190, 9191, 9192, 9399, 9425, 9437, 9519, 9645, 9697, 9831, 9868, 9917, 9956, 9973, 9974, 9975, 9976, 9977, 9978, 9994, 9995, 9996, 10033, 10034, 10035, 10036, 10037, 10038, 10149, 10257, 10259, 10318, 10385, 10459, 10475, 10543, 10544, 10545, 10546, 10825, 10844, 10878, 11043, 11148, 11345, 11346, 11347, 11431, 11456, 11492, 11608, 11609, 11610, 11653, 11656, 11682, 11695, 11699, 11704, 11788, 11803, 11814, 11919, 11920, 11921, 11944, 11946, 11956, 12044, 12085, 12086, 12090, 12094, 12095, 12096, 12241, 12242, 12243, 12244, 12245, 12246, 12422, 12423, 12628, 12629, 12638, 12658, 12684, 12685, 12686, 12687, 12842, 12872, 12873, 12954, 12955, 12956, 12957, 13047, 13048, 13049, 13076, 13414, 13509, 13558, 13559, 13560, 13574, 13578, 13728, 13729, 13730, 13731, 13746, 13917, 13959, 13960, 13961, 14077, 14231, 14290, 14305, 14547, 14623, 14769, 14927, 14967, 15025, 15026, 15027, 15162, 15184, 15185, 15186, 15284, 15285, 15298, 15407, 15442, 15445, 15507]",001,IUX2238877,Patel & Co. Pvt. Ltd.,ZW
"[13, 64, 65, 101, 168, 169, 170, 203, 335, 336, 337, 338, 339, 340, 441, 522, 625, 698, 758, 857, 870, 934, 969, 974, 988, 1054, 1077, 1193, 1363, 1391, 1392, 1393, 1394, 1440, 1449, 1450, 1451, 1452, 1459, 1464, 1465, 1466, 1491, 1765, 1779, 1817, 1877, 2016, 2049, 2158, 2172, 2214, 2233, 2373, 2434, 2511, 2579, 2580, 2581, 2702, 2812, 2946, 3009, 3010, 3011, 3031, 3037, 3132, 3136, 3181, 3269, 3475, 3670, 3929, 3951, 4030, 4033, 4046, 4137, 4138, 4139, 4140, 4142, 4162, 4203, 4232, 4416, 4443, 4533, 4534, 4535, 4536, 4691, 4693, 4704, 4894, 4898, 4899, 4900, 4929, 5028, 5070, 5138, 5175, 5204, 5255, 5256, 5257, 5258, 5263, 5300, 5314, 5354, 5355, 5356, 5357, 5358, 5359, 5360, 5499, 5534, 5562, 5563, 5564, 5565, 5566, 5623, 5624, 5625, 5626, 5627, 5628, 5735, 6017, 6111, 6173, 6174, 6175, 6287, 6322, 6325, 6326, 6327, 6328, 6329, 6515, 6516, 6517, 6518, 6563, 6979, 6986, 7031, 7091, 7095, 7096, 7097, 7098, 7161, 7172, 7174, 7175, 7176, 7177, 7288, 7335, 7344, 7497, 7627, 7777, 7778, 7779, 7780, 7781, 7782, 7820, 7876, 7972, 7973, 7974, 7975, 8194, 8207, 8332, 8333, 8458, 8459, 8460, 8461, 8478, 8503, 8523, 8631, 8632, 8633, 8645, 8646, 8647, 8648, 8649, 8654, 8668, 8678, 8790, 8829, 8947, 8993, 9357, 9430, 9431, 9434, 9485, 9610, 9611, 9612, 9613, 9614, 9778, 9938, 9948, 10012, 10089, 10191, 10203, 10204, 10205, 10206, 10250, 10251, 10252, 10315, 10341, 10439, 10440, 10441, 10442, 10507, 10742, 10795, 10862, 10886, 10991, 11111, 11246, 11265, 11301, 11312, 11334, 11335, 11336, 11453, 11712, 11713, 11777, 11874, 11960, 11967, 12008, 12043, 12226, 12227, 12228, 12229, 12254, 12255, 12256, 12257, 12275, 12320, 12539, 12591, 12603, 12604, 12605, 12606, 12615, 12616, 12646, 12647, 12648, 12649, 12750, 12751, 12752, 12771, 12799, 12800, 12801, 12802, 12808, 12908, 12924, 12925, 12926, 12927, 13083, 13126, 13140, 13141, 13142, 13228, 13248, 13301, 13360, 13443, 13444, 13445, 13446, 13447, 13557, 13606, 13675, 13823, 13824, 13825, 13826, 13827, 13828, 13836, 13870, 13893, 14023, 14027, 14038, 14076, 14488, 14489, 14490, 14491, 14566, 14599, 14656, 14716, 14760, 14763, 14951, 14952, 14953, 14954, 15161, 15163, 15280, 15409, 15410, 15411, 15416, 15429, 15454, 15508, 15516]",001,KVF4482570,Santos & Filhos Comércio,DE
"[14, 15, 16, 17, 18, 60, 61, 69, 78, 79, 80, 81, 82, 149, 150, 151, 277, 306, 369, 372, 540, 562, 635, 636, 637, 638, 639, 678, 815, 936, 962, 1151, 1200, 1291, 1296, 1297, 1298, 1337, 1369, 1370, 1371, 1372, 1432, 1444, 1497, 1613, 1655, 1656, 1657, 1666, 1734, 1922, 1923, 1947, 1974, 2083, 2084, 2085, 2087, 2210, 2258, 2333, 2368, 2455, 2469, 2470, 2471, 2472, 2473, 2474, 2515, 2523, 2566, 2618, 2727, 2728, 2729, 2730, 2737, 2911, 2913, 3026, 3033, 3137, 3138, 3139, 3376, 3385, 3432, 3580, 3674, 3807, 3821, 3822, 3823, 3824, 3825, 3978, 4111, 4124, 4215, 4216, 4217, 4224, 4332, 4649, 4723, 4724, 4725, 5068, 5069, 5133, 5141, 5151, 5225, 5226, 5227, 5228, 5437, 5505, 5547, 5586, 5657, 5658, 5667, 5673, 5752, 5775, 5860, 5868, 6113, 6151, 6240, 6301, 6357, 6403, 6444, 6514, 6543, 6578, 6717, 6807, 6808, 6809, 6810, 7012, 7030, 7036, 7037, 7038, 7039, 7045, 7165, 7173, 7265, 7283, 7307, 7323, 7324, 7325, 7326, 7327, 7432, 7447, 7448, 7534, 7549, 7619, 7633, 7663, 7672, 7723, 7724, 7807, 7878, 7979, 7985, 8165, 8216, 8219, 8220, 8221, 8291, 8323, 8339, 8355, 8369, 8446, 8531, 8688, 8779, 8938, 9258, 9274, 9312, 9341, 9408, 9532, 9539, 9540, 9541, 9596, 9597, 9598, 9599, 9603, 9627, 9817, 9846, 10078, 10083, 10084, 10085, 10086, 10127, 10128, 10129, 10135, 10271, 10320, 10374, 10375, 10431, 10437, 10480, 10534, 10558, 10719, 10720, 10721, 10722, 10783, 10863, 10875, 10938, 10939, 10940, 10941, 10942, 11141, 11142, 11163, 11210, 11258, 11264, 11298, 11364, 11472, 11484, 11525, 11622, 11700, 11781, 11782, 11783, 11827, 11828, 11829, 11830, 11831, 11851, 11852, 11853, 11854, 11941, 12015, 12035, 12036, 12037, 12038, 12124, 12134, 12357, 12365, 12366, 12367, 12368, 12598, 12703, 12741, 12742, 12743, 12744, 12878, 13098, 13118, 13119, 13120, 13150, 13239, 13240, 13241, 13242, 13300, 13304, 13305, 13306, 13307, 13308, 13309, 13310, 13355, 13422, 13423, 13634, 13643, 13742, 13743, 13744, 13745, 13759, 13921, 14026, 14287, 14293, 14437, 14462, 14506, 14507, 14508, 14509, 14510, 14511, 14512, 14591, 14592, 14593, 14594, 14595, 14657, 14658, 14659, 14991, 14992, 14993, 14994, 14995, 15168, 15189, 15286, 15344, 15450, 15453]",001,JJM5054555,Shoreline Property Group,PA
"[19, 132, 453, 454, 455, 456, 714, 742, 789, 971, 998, 1025, 1026, 1225, 1239, 1240, 1241, 1242, 1243, 1244, 1373, 1418, 1492, 1493, 1494, 1495, 1496, 1580, 1581, 1582, 1662, 1700, 1736, 1782, 2147, 2209, 2260, 2365, 2636, 2944, 2970, 3078, 3079, 3080, 3081, 3082, 3083, 3258, 3259, 3260, 3261, 3362, 3406, 3446, 3447, 3448, 3449, 3450, 3521, 3731, 3785, 3833, 3862, 3881, 3882, 3883, 3884, 3885, 3886, 3964, 4013, 4021, 4038, 4039, 4161, 4206, 4207, 4208, 4209, 4210, 4231, 4288, 4289, 4487, 4638, 4673, 4674, 4990, 5014, 5152, 5153, 5154, 5155, 5156, 5178, 5199, 5217, 5302, 5363, 5436, 5451, 5606, 5706, 5728, 5869, 6001, 6299, 6373, 6374, 6375, 6376, 6377, 6396, 6442, 6469, 6544, 6663, 6682, 6772, 6843, 6848, 6903, 7067, 7182, 7183, 7184, 7185, 7186, 7200, 7385, 7450, 7484, 7485, 7486, 7487, 7488, 7594, 7644, 7645, 7646, 7686, 7702, 7703, 7704, 7714, 7715, 7716, 7717, 7718, 7719, 7770, 7921, 7954, 7964, 7989, 7990, 8040, 8041, 8042, 8043, 8170, 8185, 8186, 8187, 8305, 8415, 8497, 8629, 8644, 8661, 8662, 8663, 8679, 8697, 8708, 8796, 8837, 8842, 8898, 8900, 8901, 8902, 8940, 9022, 9023, 9024, 9025, 9070, 9071, 9072, 9073, 9128, 9129, 9130, 9176, 9256, 9257, 9358, 9377, 9378, 9379, 9380, 9728, 9921, 9922, 9923, 9924, 9925, 9926, 10244, 10245, 10246, 10247, 10248, 10285, 10314, 10616, 10617, 10618, 10619, 10620, 10836, 11066, 11259, 11269, 11270, 11442, 11462, 11633, 11710, 11787, 11871, 11902, 11949, 11950, 11951, 11962, 12004, 12066, 12067, 12238, 12258, 12273, 12371, 12494, 12495, 12496, 12504, 12515, 12564, 12664, 12665, 12666, 12667, 12884, 12898, 13031, 13088, 13161, 13236, 13297, 13316, 13396, 13397, 13398, 13399, 13400, 13401, 13452, 13591, 13611, 13642, 13879, 13949, 14155, 14196, 14285, 14304, 14322, 14369, 14390, 14391, 14392, 14424, 14628, 14689, 15133, 15166, 15200, 15208, 15364, 15479]",001,TCO9263651,Zhao & Sons Ltd.,EU
"[20, 146, 147, 148, 274, 379, 401, 554, 687, 688, 720, 726, 835, 938, 939, 940, 941, 942, 943, 967, 1043, 1135, 1148, 1149, 1150, 1159, 1196, 1267, 1268, 1271, 1482, 1647, 1658, 1661, 1711, 1712, 1713, 1739, 1740, 1741, 2054, 2055, 2056, 2246, 2247, 2248, 2249, 2250, 2251, 2348, 2397, 2398, 2412, 2514, 2565, 2610, 2611, 2612, 2613, 2672, 2739, 2763, 2795, 2874, 2875, 2876, 2877, 2886, 2895, 3008, 3215, 3216, 3217, 3218, 3346, 3489, 3506, 3704, 3957, 4054, 4172, 4229, 4230, 4304, 4321, 4334, 4368, 4389, 4482, 4721, 4748, 4855, 5108, 5117, 5171, 5377, 5512, 5551, 5552, 5553, 5554, 5555, 5556, 5557, 5791, 5792, 5793, 5794, 5795, 5797, 5798, 5799, 5800, 5820, 5935, 5949, 5989, 6100, 6101, 6102, 6177, 6282, 6304, 6332, 6333, 6334, 6435, 6466, 6502, 6512, 6577, 6617, 6620, 6758, 7152, 7158, 7160, 7164, 7322, 7336, 7337, 7338, 7339, 7423, 7476, 7477, 7478, 7536, 7552, 7577, 7662, 7665, 7720, 7810, 7858, 7897, 7945, 7947, 7978, 8209, 8252, 8286, 8364, 8408, 8409, 8410, 8411, 8412, 8468, 8469, 8470, 8471, 8529, 8613, 8625, 8626, 8627, 8715, 8716, 8717, 8757, 8954, 9143, 9144, 9145, 9174, 9286, 9287, 9371, 9520, 9522, 9523, 9524, 9525, 9556, 9818, 9819, 9820, 9890, 9915, 9916, 9919, 9988, 9989, 10027, 10028, 10029, 10030, 10042, 10150, 10217, 10278, 10279, 10280, 10281, 10282, 10334, 10347, 10514, 10659, 10709, 10776, 10792, 10906, 11015, 11096, 11284, 11285, 11286, 11287, 11355, 11376, 11377, 11378, 11379, 11384, 11640, 11845, 11861, 11892, 12611, 12777, 12784, 12804, 12825, 12839, 12981, 12982, 12983, 12984, 13061, 13122, 13123, 13124, 13319, 13320, 13321, 13322, 13493, 13543, 13605, 13623, 13624, 13625, 13626, 13761, 13777, 13886, 13994, 14025, 14079, 14092, 14208, 14228, 14569, 14695, 14701, 14708, 14709, 14710, 14711, 14712, 14842, 14843, 14844, 14845, 15032, 15190, 15352, 15353, 15354, 15368]",001,KST5094255,Infinity Edge Technologies,ES
"[21, 23, 71, 224, 233, 429, 595, 648, 649, 663, 668, 711, 728, 729, 730, 731, 732, 747, 804, 807, 984, 1010, 1116, 1117, 1118, 1119, 1120, 1121, 1147, 1165, 1224, 1230, 1231, 1232, 1233, 1234, 1304, 1330, 1332, 1426, 1472, 1517, 1685, 1870, 1871, 1992, 2078, 2131, 2157, 2216, 2271, 2272, 2273, 2291, 2304, 2308, 2336, 2426, 2541, 2766, 2767, 2768, 2769, 2800, 2949, 2956, 3062, 3063, 3064, 3065, 3105, 3116, 3117, 3118, 3159, 3212, 3213, 3256, 3435, 3451, 3504, 3534, 3585, 3644, 3652, 3730, 3784, 3829, 3830, 3831, 3942, 4018, 4020, 4050, 4173, 4205, 4417, 4418, 4419, 4420, 4441, 4478, 4484, 4543, 4567, 4611, 4646, 4715, 4716, 4717, 4718, 4772, 5005, 5128, 5142, 5205, 5234, 5352, 5387, 5665, 5669, 5722, 5746, 5857, 5946, 5947, 5948, 5962, 5963, 5964, 5985, 5986, 5987, 6158, 6290, 6331, 6404, 6481, 6497, 6500, 6505, 6510, 6673, 6901, 7011, 7018, 7019, 7020, 7188, 7219, 7231, 7244, 7245, 7246, 7250, 7332, 7496, 7551, 7611, 7669, 7670, 7728, 7730, 7915, 7924, 8003, 8084, 8085, 8090, 8155, 8176, 8234, 8235, 8236, 8237, 8296, 8325, 8440, 8706, 8749, 8966, 9526, 9649, 9725, 9766, 9873, 9882, 9939, 10044, 10050, 10060, 10228, 10258, 10332, 10408, 10419, 10435, 10508, 10509, 10510, 10511, 10515, 10533, 10547, 10566, 10567, 10626, 10689, 10749, 10750, 10751, 10755, 10785, 10866, 10867, 10868, 10869, 10876, 10901, 10902, 11001, 11165, 11296, 11309, 11553, 11561, 11806, 11822, 11848, 11866, 11867, 11868, 11869, 11876, 12202, 12279, 12280, 12281, 12282, 12283, 12292, 12293, 12294, 12309, 12402, 12403, 12404, 12405, 12406, 12454, 12472, 12499, 12572, 12573, 12574, 12575, 12650, 12858, 12859, 12860, 12861, 12862, 12863, 12869, 13052, 13113, 13238, 13311, 13333, 13367, 13395, 13589, 13613, 13635, 13676, 13678, 13692, 13693, 13719, 13787, 13815, 13816, 13817, 13818, 13846, 13920, 14013, 14041, 14089, 14253, 14294, 14396, 14514, 14555, 14622, 14705, 14718, 14753, 14872, 15046, 15053, 15054, 15055, 15056, 15083, 15098, 15108, 15143, 15196, 15271, 15387, 15388, 15389, 15390, 15449, 15472]",001,XWZ9909813,Crimson Event Management,SV
"[22, 263, 269, 354, 534, 571, 572, 573, 574, 575, 576, 577, 578, 626, 647, 707, 771, 772, 773, 889, 890, 891, 892, 947, 1056, 1057, 1058, 1085, 1176, 1303, 1318, 1346, 1347, 1348, 1349, 1360, 1380, 1467, 1475, 1477, 1478, 1479, 1480, 1537, 1640, 1695, 1701, 1798, 1820, 1861, 1872, 2027, 2030, 2031, 2058, 2188, 2189, 2318, 2319, 2371, 2435, 2466, 2513, 2561, 2628, 2629, 2630, 2658, 2679, 2715, 2716, 2717, 2718, 2774, 2775, 2776, 2777, 2778, 2779, 2873, 2919, 2990, 3089, 3090, 3091, 3097, 3100, 3101, 3196, 3495, 3507, 3508, 3509, 3598, 3614, 3678, 3684, 3896, 3897, 3898, 3899, 3900, 3917, 3922, 3977, 4004, 4005, 4006, 4007, 4008, 4009, 4145, 4351, 4377, 4631, 4707, 4757, 4758, 4759, 4801, 4932, 4956, 5134, 5294, 5332, 5342, 5613, 5723, 5940, 5967, 5968, 5969, 6003, 6137, 6349, 6356, 6360, 6389, 6428, 6429, 6430, 6431, 6432, 6472, 6489, 6511, 6548, 6549, 6550, 6551, 6552, 6576, 6619, 6988, 7048, 7049, 7050, 7125, 7329, 7330, 7331, 7341, 7520, 7522, 7621, 7748, 7928, 7929, 7986, 8190, 8191, 8192, 8260, 8261, 8262, 8263, 8264, 8267, 8268, 8269, 8270, 8271, 8306, 8435, 8604, 8612, 8764, 8907, 8910, 8911, 9039, 9040, 9195, 9214, 9226, 9261, 9262, 9263, 9264, 9354, 9436, 9622, 9623, 9762, 9806, 9829, 9834, 10006, 10007, 10008, 10009, 10025, 10125, 10382, 10383, 10403, 10472, 10541, 10560, 10561, 10562, 10563, 10609, 10745, 10856, 10921, 11022, 11302, 11390, 11401, 11432, 11467, 11531, 11670, 11686, 11701, 11718, 11727, 11750, 11807, 11858, 11875, 11938, 11974, 12049, 12087, 12088, 12089, 12150, 12195, 12274, 12285, 12424, 12481, 12536, 12544, 12557, 12558, 12559, 12560, 12561, 12562, 12595, 12864, 13073, 13115, 13247, 13510, 13511, 13512, 13721, 13955, 13997, 13998, 14220, 14451, 14471, 14603, 14665, 14667, 14746, 14752, 14764, 14765, 14766, 14767, 14768, 14779, 14833, 14969, 14980, 15244, 15351, 15394, 15395, 15421]",001,CDK1354752,Ivanov & Partners Ltd.,SV
"[24, 44, 46, 62, 225, 321, 368, 392, 446, 500, 501, 502, 569, 949, 1087, 1106, 1107, 1108, 1109, 1115, 1256, 1263, 1344, 1350, 1352, 1353, 1354, 1594, 1595, 1596, 1610, 1717, 1744, 1745, 1753, 1754, 1954, 1955, 1956, 2024, 2025, 2088, 2175, 2311, 2312, 2313, 2314, 2315, 2344, 2436, 2486, 2487, 2488, 2489, 2545, 2713, 2780, 2781, 2887, 2888, 2889, 2890, 2891, 2892, 2893, 2894, 3034, 3167, 3270, 3279, 3355, 3430, 3719, 3770, 3910, 3932, 3933, 3934, 3935, 4085, 4097, 4122, 4196, 4212, 4213, 4225, 4246, 4257, 4260, 4360, 4370, 4616, 4654, 4722, 4742, 4775, 4816, 4848, 4973, 5021, 5022, 5023, 5041, 5099, 5212, 5213, 5214, 5215, 5269, 5432, 5498, 5558, 5577, 5685, 5705, 5784, 5878, 5879, 5918, 5919, 5920, 5921, 5922, 5923, 6008, 6030, 6032, 6124, 6192, 6225, 6226, 6341, 6412, 6413, 6414, 6415, 6561, 6748, 6913, 7056, 7057, 7179, 7359, 7480, 7667, 7668, 7865, 7869, 7981, 7982, 7999, 8004, 8063, 8064, 8065, 8066, 8067, 8114, 8477, 8539, 8545, 8546, 8547, 8548, 8549, 8635, 8771, 8838, 9202, 9203, 9204, 9205, 9206, 9342, 9368, 9369, 9370, 9679, 9785, 9786, 9787, 9788, 9811, 9857, 9858, 9859, 9860, 9861, 9862, 9863, 9952, 9953, 9954, 9955, 10101, 10142, 10316, 10337, 10409, 10410, 10411, 10412, 10413, 10414, 10453, 10471, 10474, 10635, 10788, 10789, 10857, 10858, 10890, 10919, 11081, 11082, 11083, 11146, 11164, 11225, 11292, 11383, 11508, 11592, 11593, 11594, 11595, 11596, 11689, 11702, 12006, 12007, 12045, 12065, 12125, 12151, 12183, 12185, 12231, 12251, 12277, 12336, 12508, 12537, 12542, 12568, 12576, 12577, 12578, 12579, 12656, 12786, 12963, 12976, 12977, 12978, 13008, 13009, 13010, 13059, 13135, 13185, 13186, 13187, 13188, 13208, 13370, 13386, 13632, 13707, 13741, 13799, 13800, 14047, 14052, 14226, 14281, 14536, 14545, 14633, 14646, 14649, 14831, 14928, 14929, 14998, 15066, 15229, 15230, 15231, 15232, 15233, 15365, 15391, 15474]",001,JMV1008381,Bertolini & Co. SRL,JP
"[25, 68, 346, 433, 462, 463, 464, 465, 466, 513, 619, 667, 727, 800, 905, 1132, 1133, 1137, 1249, 1250, 1305, 1309, 1321, 1328, 1376, 1415, 1460, 1533, 1534, 1536, 1558, 1559, 1560, 1561, 1562, 1664, 1676, 1702, 1705, 1716, 1799, 1886, 1887, 1888, 1913, 1914, 1915, 1916, 1917, 1918, 1919, 1951, 1983, 1984, 2023, 2079, 2080, 2081, 2082, 2405, 2449, 2531, 2582, 2583, 2584, 2585, 2596, 2597, 2917, 2931, 3306, 3316, 3455, 3482, 3554, 3555, 3556, 3626, 3627, 3628, 3643, 3655, 3656, 3657, 3713, 3714, 3715, 3716, 3717, 3718, 3984, 4093, 4236, 4294, 4298, 4301, 4327, 4421, 4564, 4637, 4803, 4910, 4920, 4972, 4991, 5129, 5260, 5321, 5401, 5402, 5403, 5404, 5405, 5406, 5660, 5661, 5662, 5663, 5664, 5734, 5773, 5908, 6084, 6085, 6086, 6087, 6088, 6089, 6090, 6096, 6110, 6227, 6263, 6281, 6379, 6398, 6434, 6547, 6579, 6580, 6581, 6582, 6679, 6692, 6729, 6820, 6862, 6892, 6893, 6894, 6932, 6973, 7040, 7141, 7151, 7218, 7229, 7294, 7295, 7296, 7297, 7298, 7299, 7313, 7328, 7409, 7410, 7493, 7603, 7944, 8087, 8088, 8089, 8138, 8179, 8282, 8341, 8417, 8462, 8499, 8519, 8533, 8653, 8721, 8830, 8931, 8979, 9110, 9279, 9290, 9334, 9453, 9543, 9586, 9667, 9805, 9869, 9967, 9979, 9980, 9981, 9982, 10067, 10223, 10224, 10225, 10226, 10393, 10423, 10430, 10692, 10739, 11088, 11132, 11187, 11195, 11231, 11272, 11327, 11402, 11409, 11415, 11417, 11418, 11419, 11420, 11434, 11572, 11691, 11692, 11693, 11694, 11703, 11705, 11706, 11707, 11708, 11709, 11795, 11914, 11922, 11923, 12060, 12193, 12259, 12484, 12485, 12486, 12487, 12488, 12507, 12520, 12524, 12608, 12640, 12971, 12972, 12973, 12974, 12975, 12999, 13024, 13025, 13026, 13027, 13028, 13029, 13042, 13099, 13100, 13159, 13204, 13227, 13250, 13334, 13339, 13342, 13361, 13418, 13428, 13429, 13430, 13431, 13432, 13451, 13660, 13808, 13809, 13810, 13926, 13939, 14068, 14221, 14407, 14453, 14481, 14544, 14728, 14735, 14881, 15035, 15287, 15378, 15379, 15380, 15381, 15483, 15488, 15518]",001,CEI4303673,Bianchi & Figli SRL,IE
"[26, 94, 95, 96, 97, 98, 99, 102, 103, 104, 105, 114, 115, 116, 117, 118, 119, 144, 257, 297, 385, 386, 387, 388, 389, 620, 650, 699, 715, 745, 805, 813, 882, 953, 964, 970, 1007, 1046, 1163, 1206, 1211, 1212, 1235, 1544, 1644, 1667, 1737, 1921, 1925, 2036, 2098, 2341, 2342, 2343, 2438, 2478, 2539, 2598, 2599, 2600, 2743, 2744, 2745, 2746, 2747, 2920, 2932, 2939, 3102, 3162, 3244, 3245, 3254, 3302, 3303, 3308, 3340, 3470, 3548, 3607, 3762, 3763, 3764, 3765, 3766, 3799, 3800, 3801, 3802, 3803, 3814, 3815, 3816, 3840, 3841, 3842, 3843, 3859, 3907, 3908, 3909, 4000, 4060, 4061, 4062, 4063, 4064, 4065, 4091, 4160, 4186, 4197, 4226, 4244, 4247, 4261, 4265, 4328, 4348, 4404, 4494, 4600, 4602, 4603, 4604, 4632, 4633, 4634, 4635, 4636, 4787, 4788, 4845, 4846, 4847, 4957, 4965, 4966, 4967, 4968, 4969, 4970, 5035, 5036, 5037, 5038, 5246, 5265, 5279, 5280, 5281, 5282, 5283, 5331, 5544, 5579, 5587, 5602, 5693, 5834, 5849, 5861, 6115, 6116, 6117, 6184, 6185, 6186, 6187, 6188, 6189, 6190, 6312, 6351, 6352, 6353, 6354, 6387, 6399, 6400, 6401, 6402, 6443, 6553, 6564, 6565, 6566, 6567, 6568, 6618, 6621, 6625, 6626, 6627, 6628, 6652, 6672, 6802, 6803, 6804, 6805, 7055, 7191, 7211, 7238, 7248, 7504, 7671, 7776, 7901, 7917, 7918, 7919, 7920, 7968, 8023, 8480, 8702, 8731, 8732, 8885, 8939, 8972, 8973, 8974, 8975, 8976, 8977, 8978, 9034, 9081, 9127, 9224, 9291, 9292, 9345, 9383, 9484, 9515, 9516, 9517, 9518, 9587, 9590, 9593, 9750, 9783, 9983, 10031, 10201, 10202, 10255, 10326, 10336, 10454, 10496, 10518, 10519, 10520, 10521, 10522, 10603, 10716, 10717, 10718, 10790, 10793, 10802, 10827, 10879, 10979, 10990, 11034, 11089, 11118, 11288, 11433, 11457, 11536, 11668, 11698, 11729, 11730, 11731, 11732, 11733, 11773, 11799, 11928, 11939, 12023, 12057, 12091, 12207, 12286, 12287, 12288, 12289, 12290, 12452, 12546, 12916, 12917, 12918, 12919, 12920, 12921, 12922, 12923, 13019, 13148, 13149, 13207, 13317, 13326, 13408, 13409, 13410, 13411, 13412, 13523, 13524, 13525, 13526, 13653, 13708, 13709, 13710, 13711, 13794, 14097, 14229, 14279, 14340, 14347, 14348, 14349, 14350, 14351, 14352, 14353, 14371, 14377, 14395, 14397, 14410, 14411, 14412, 14425, 14426, 14427, 14428, 14429, 14505, 14596, 14686, 14698, 14725, 14731, 14750, 14874, 14883, 14891, 14936, 14937, 14938, 14939, 14942, 14943, 14944, 14945, 14946, 15037, 15038, 15039, 15040, 15065, 15188, 15225, 15226, 15236, 15320, 15446, 15448]",001,KBR7146665,TerraNova Energy Co.,KR
"[27, 28, 29, 52, 100, 195, 244, 425, 525, 555, 556, 594, 616, 628, 629, 630, 854, 912, 937, 950, 961, 1160, 1171, 1172, 1173, 1261, 1277, 1301, 1317, 1458, 1488, 1489, 1490, 1519, 1567, 1606, 1614, 1632, 1783, 1873, 1882, 1927, 1930, 1976, 2066, 2093, 2130, 2238, 2307, 2320, 2321, 2322, 2323, 2324, 2492, 2493, 2494, 2495, 2660, 2661, 2662, 2712, 2904, 2914, 2958, 2964, 2967, 3098, 3293, 3294, 3327, 3374, 3414, 3415, 3416, 3417, 3617, 3952, 3955, 4057, 4105, 4156, 4157, 4158, 4219, 4400, 4686, 4687, 4688, 4689, 4690, 4732, 4733, 4734, 4974, 5040, 5124, 5346, 5369, 5390, 5391, 5392, 5393, 5398, 5477, 5481, 5482, 5483, 5527, 5528, 5529, 5530, 5531, 5648, 5787, 5805, 5854, 5925, 5944, 6000, 6033, 6078, 6099, 6109, 6230, 6269, 6523, 6687, 6688, 6689, 6746, 6755, 6761, 6949, 7051, 7052, 7053, 7054, 7077, 7178, 7213, 7216, 7217, 7285, 7286, 7356, 7379, 7380, 7381, 7382, 7383, 7564, 7574, 7575, 7576, 7589, 7590, 7591, 7592, 7593, 7617, 7624, 7745, 7746, 7747, 7756, 8103, 8104, 8105, 8106, 8107, 8108, 8109, 8195, 8196, 8227, 8228, 8229, 8230, 8231, 8251, 8311, 8342, 8414, 8505, 8506, 8587, 8740, 8816, 8906, 8909, 8949, 9095, 9131, 9179, 9289, 9337, 9338, 9339, 9356, 9373, 9375, 9432, 9479, 9576, 9646, 9698, 9784, 9984, 10168, 10177, 10270, 10555, 10634, 10651, 10663, 10679, 10681, 10688, 10775, 10799, 10805, 10815, 10852, 10853, 10854, 10958, 10959, 10960, 10968, 10969, 10970, 10971, 10972, 10973, 10997, 11057, 11085, 11261, 11437, 11530, 11566, 11567, 11568, 11569, 11570, 11674, 11809, 11849, 11855, 11856, 11870, 11881, 11915, 11917, 11953, 12003, 12009, 12383, 12384, 12385, 12410, 12589, 12592, 12618, 12619, 12620, 12625, 12652, 12761, 13134, 13193, 13194, 13195, 13196, 13197, 13205, 13237, 13244, 13249, 13257, 13258, 13259, 13260, 13335, 13336, 13337, 13338, 13848, 13897, 14017, 14039, 14046, 14148, 14250, 14275, 14276, 14277, 14278, 14624, 14829, 14835, 14984, 15012, 15013, 15014, 15170, 15296, 15418, 15430]",001,AVR1905370,Dupont & Frères SARL,IE
"[30, 49, 107, 165, 237, 305, 312, 408, 409, 410, 411, 412, 413, 484, 485, 486, 487, 488, 489, 544, 545, 646, 671, 674, 862, 975, 1185, 1282, 1283, 1284, 1368, 1565, 1585, 1586, 1587, 1588, 1589, 1590, 1591, 1678, 1687, 1688, 1689, 1690, 1691, 1816, 2028, 2038, 2185, 2202, 2252, 2253, 2254, 2255, 2256, 2406, 2500, 2573, 2574, 2575, 2576, 2577, 2784, 2797, 2907, 2915, 2965, 3232, 3233, 3363, 3409, 3410, 3411, 3412, 3413, 3427, 3436, 3452, 3463, 3466, 3559, 3654, 3703, 3750, 3761, 4068, 4069, 4099, 4100, 4101, 4102, 4103, 4152, 4245, 4281, 4357, 4457, 4470, 4568, 4569, 4570, 4628, 4630, 4769, 4794, 4795, 4971, 5071, 5096, 5181, 5242, 5386, 5389, 5395, 5396, 5452, 5537, 5538, 5539, 5548, 5630, 5647, 5680, 5698, 5699, 5700, 5701, 5702, 5744, 5783, 5885, 5928, 5950, 6256, 6257, 6258, 6259, 6283, 6324, 6448, 6487, 6535, 6555, 6691, 6890, 7074, 7078, 7079, 7080, 7081, 7082, 7088, 7130, 7443, 7444, 7445, 7446, 7565, 7618, 7832, 7863, 7971, 8075, 8095, 8126, 8169, 8253, 8280, 8495, 8634, 8709, 8710, 8711, 8712, 8713, 8714, 8836, 8855, 8873, 9015, 9027, 9092, 9313, 9314, 9387, 9637, 9669, 9734, 9840, 9841, 9842, 9843, 9844, 9845, 9847, 9848, 9849, 9893, 9895, 10011, 10179, 10180, 10181, 10182, 10296, 10338, 10339, 10340, 10512, 10513, 10523, 10569, 10631, 10660, 10680, 10682, 10714, 10768, 10769, 10770, 10800, 10824, 10923, 11004, 11069, 11070, 11071, 11072, 11333, 11342, 11361, 11400, 11407, 11552, 11562, 11574, 11588, 11719, 11722, 11723, 11724, 11769, 11770, 11813, 11893, 11979, 12031, 12032, 12033, 12034, 12047, 12075, 12106, 12149, 12163, 12166, 12184, 12232, 12264, 12359, 12360, 12361, 12493, 12651, 12668, 12698, 12704, 12791, 13006, 13080, 13147, 13198, 13269, 13270, 13271, 13272, 13273, 13275, 13276, 13585, 13663, 13669, 13670, 13671, 13672, 13673, 13674, 13796, 14024, 14147, 14149, 14167, 14168, 14169, 14200, 14217, 14256, 14466, 14487, 14516, 14561, 14562, 14563, 14564, 14565, 14575, 14579, 14600, 14610, 14745, 14784, 14810, 14918, 14919, 14920, 14923, 14924, 14968, 15120, 15235, 15283, 15297, 15316, 15447, 15504, 15506]",001,TLW0369383,Blue Horizon Travel Ltd,JP
"[31, 32, 33, 34, 160, 211, 320, 322, 360, 415, 435, 436, 437, 438, 676, 776, 827, 1048, 1294, 1302, 1307, 1319, 1443, 1539, 1540, 1541, 1542, 1552, 1553, 1554, 1555, 1625, 1673, 1677, 1759, 1808, 1809, 1810, 1811, 1812, 1819, 1821, 1822, 1836, 1932, 1933, 1934, 1941, 2004, 2005, 2006, 2118, 2119, 2120, 2121, 2122, 2235, 2257, 2374, 2452, 2456, 2499, 2564, 2692, 2749, 2792, 2834, 2960, 2972, 2973, 2974, 2975, 2978, 3164, 3165, 3166, 3184, 3197, 3199, 3225, 3253, 3339, 3437, 3442, 3483, 3491, 3591, 3605, 3634, 3635, 3636, 3645, 3705, 3760, 3906, 3912, 4010, 4028, 4071, 4086, 4264, 4369, 4411, 4503, 4504, 4505, 4506, 4518, 4665, 4696, 4866, 4934, 4938, 4983, 4984, 4985, 4986, 4987, 5056, 5058, 5062, 5278, 5306, 5364, 5476, 5490, 5500, 5501, 5502, 5503, 5674, 5894, 5900, 5988, 6010, 6011, 6012, 6013, 6031, 6143, 6234, 6302, 6575, 6665, 6835, 6836, 6909, 6910, 6911, 6912, 6938, 7424, 7454, 7630, 7631, 7636, 7708, 7799, 7800, 7801, 7802, 7803, 7815, 7859, 7949, 7950, 7951, 7952, 7976, 7977, 8057, 8058, 8082, 8334, 8448, 8449, 8450, 8451, 8514, 8526, 8552, 8584, 8594, 8614, 8691, 8752, 8847, 9108, 9119, 9266, 9267, 9268, 9272, 9321, 9448, 9455, 9456, 9457, 9459, 9486, 9512, 9800, 9881, 10079, 10081, 10169, 10170, 10171, 10172, 10173, 10174, 10192, 10214, 10289, 10290, 10291, 10344, 10434, 10466, 10467, 10584, 10658, 10662, 10826, 10903, 10914, 11073, 11092, 11196, 11306, 11443, 11444, 11445, 11464, 11539, 11542, 11589, 11590, 11591, 11607, 12030, 12078, 12191, 12240, 12321, 12388, 12450, 12580, 12581, 12582, 12583, 12584, 12585, 12614, 12631, 12736, 12737, 12738, 12845, 12857, 12949, 13045, 13109, 13110, 13111, 13112, 13136, 13170, 13189, 13199, 13200, 13201, 13202, 13368, 13593, 13603, 13630, 13801, 13812, 13813, 13814, 13837, 14014, 14243, 14247, 14289, 14319, 14383, 14384, 14463, 14498, 14499, 14500, 14501, 14502, 14520, 14537, 14552, 14553, 14554, 14849, 14850, 14851, 14892, 14893, 14894, 14895, 14896, 14897, 15135, 15171, 15172, 15173, 15174, 15175, 15176, 15234, 15360, 15361, 15362, 15363, 15458]",001,MTU0130847,Ivanov & Sons Engineering,EC
"[35, 67, 140, 141, 142, 143, 188, 196, 301, 302, 303, 304, 345, 531, 532, 542, 660, 669, 696, 702, 793, 801, 985, 986, 1266, 1315, 1316, 1362, 1379, 1499, 1500, 1501, 1502, 1503, 1504, 1573, 1574, 1633, 1771, 1855, 1878, 1892, 1895, 1912, 1977, 1978, 1979, 1980, 2015, 2125, 2261, 2345, 2367, 2384, 2483, 2553, 2669, 2705, 2765, 2830, 2896, 2912, 2918, 2977, 3021, 3051, 3222, 3268, 3278, 3320, 3397, 3479, 3480, 3481, 3550, 3786, 3787, 3788, 3926, 4001, 4146, 4150, 4227, 4331, 4511, 4582, 4823, 4858, 4911, 4931, 5050, 5059, 5060, 5061, 5082, 5139, 5238, 5239, 5240, 5241, 5311, 5371, 5372, 5373, 5596, 5636, 6056, 6062, 6063, 6064, 6065, 6066, 6067, 6255, 6274, 6305, 6348, 6355, 6378, 6585, 6629, 6743, 6744, 6756, 6815, 6842, 7006, 7087, 7099, 7153, 7193, 7194, 7195, 7196, 7197, 7321, 7376, 7377, 7378, 7482, 7498, 7622, 7722, 7794, 7872, 7925, 8047, 8048, 8049, 8050, 8119, 8395, 8396, 8397, 8398, 8434, 8540, 8807, 8814, 8878, 8922, 8923, 8924, 8925, 8926, 8997, 8998, 8999, 9005, 9447, 9461, 9462, 9463, 9464, 9465, 9466, 9497, 9544, 9581, 9635, 9695, 9696, 9723, 9776, 9821, 9912, 9990, 10015, 10240, 10446, 10488, 10537, 10538, 10539, 10540, 10661, 10707, 10794, 10892, 10893, 10894, 10895, 11133, 11147, 11233, 11244, 11245, 11311, 11357, 11365, 11398, 11485, 11665, 11675, 11746, 11747, 11748, 11749, 11841, 12079, 12080, 12081, 12230, 12303, 12427, 12449, 12482, 12506, 12556, 12587, 12779, 12909, 12993, 12994, 12995, 12996, 13354, 13464, 13507, 13508, 13577, 13612, 13754, 13905, 13906, 13907, 13908, 13909, 13910, 13911, 13912, 13938, 13945, 13946, 13947, 13948, 14199, 14242, 14328, 14334, 14360, 14468, 14551, 14620, 14813, 14955, 14956, 14957, 14981, 14982, 14983, 15047, 15160, 15167, 15177, 15228, 15319, 15322, 15331, 15456, 15487, 15501, 15519]",001,MLW7256855,Santos & Filho Lda.,AU
"[36, 37, 38, 39, 40, 41, 137, 138, 139, 155, 156, 157, 264, 311, 326, 509, 546, 633, 640, 855, 872, 873, 874, 875, 1005, 1076, 1197, 1255, 1313, 1470, 1548, 1549, 1572, 1584, 1634, 1635, 1636, 1637, 1638, 1639, 1686, 1692, 1752, 1755, 1756, 1757, 1758, 1761, 1815, 1876, 1986, 2193, 2194, 2195, 2196, 2197, 2200, 2331, 2485, 2586, 2649, 2663, 2681, 2682, 2683, 2684, 2688, 2772, 2773, 2878, 2989, 3046, 3059, 3129, 3130, 3131, 3257, 3301, 3359, 3420, 3421, 3431, 3512, 3513, 3514, 3515, 3531, 3817, 3837, 3838, 3959, 4066, 4095, 4267, 4295, 4442, 4822, 4903, 4914, 4915, 4935, 4943, 5083, 5110, 5254, 5259, 5267, 5570, 5600, 5642, 5672, 5704, 5782, 5813, 5836, 5910, 5929, 5965, 6242, 6243, 6244, 6245, 6246, 6438, 6485, 6546, 6610, 6635, 6745, 6831, 6838, 6878, 6904, 6935, 6991, 6992, 6993, 7043, 7075, 7106, 7187, 7367, 7387, 7388, 7389, 7390, 7391, 7392, 7582, 7707, 7729, 7809, 7842, 7843, 7844, 7845, 7871, 7980, 8009, 8258, 8340, 8343, 8380, 8390, 8602, 8729, 8798, 8831, 8832, 8833, 8862, 8863, 8932, 9074, 9353, 9391, 9392, 9393, 9394, 9395, 9521, 9595, 9689, 9690, 9779, 9780, 9781, 9782, 9814, 9815, 9816, 9902, 9903, 9904, 9905, 9937, 10053, 10054, 10055, 10056, 10057, 10088, 10183, 10438, 10693, 10694, 10695, 10696, 10723, 10762, 10835, 11021, 11050, 11143, 11152, 11174, 11184, 11194, 11200, 11201, 11202, 11203, 11263, 11354, 11744, 11796, 11879, 12025, 12322, 12329, 12330, 12474, 12565, 12727, 12754, 12787, 12798, 12844, 13004, 13030, 13075, 13106, 13256, 13544, 13580, 13581, 13582, 13583, 13615, 13647, 13760, 13779, 13785, 13986, 13987, 13988, 14067, 14132, 14133, 14134, 14135, 14136, 14137, 14138, 14171, 14172, 14173, 14174, 14175, 14365, 14400, 14401, 14418, 14432, 14459, 14492, 14493, 14494, 14495, 14548, 14674, 14675, 14676, 14677, 14738, 14781, 14976, 14997, 15030, 15042, 15052, 15274, 15339]",001,UNU1323836,Ferrari & Figli SRL,SV
"[42, 92, 204, 250, 254, 293, 308, 315, 316, 317, 318, 451, 557, 794, 828, 1003, 1062, 1272, 1273, 1274, 1275, 1276, 1300, 1653, 1663, 1674, 1763, 1806, 2012, 2013, 2014, 2097, 2136, 2137, 2138, 2139, 2140, 2141, 2281, 2282, 2290, 2370, 2375, 2548, 2587, 2588, 2589, 2590, 2619, 2642, 2687, 3319, 3501, 3502, 3503, 3532, 3544, 3545, 3546, 3547, 3649, 4003, 4035, 4036, 4098, 4174, 4175, 4176, 4263, 4333, 4507, 4549, 4555, 4556, 4557, 4558, 4559, 4575, 4655, 4744, 4796, 4850, 4902, 4951, 4999, 5039, 5107, 5230, 5231, 5232, 5233, 5247, 5307, 5309, 5340, 5561, 5575, 5616, 5707, 5895, 5959, 5966, 6020, 6053, 6146, 6147, 6148, 6149, 6162, 6163, 6164, 6165, 6166, 6318, 6436, 6437, 6513, 6525, 6526, 6527, 6645, 6653, 6775, 6776, 6777, 6906, 6907, 7029, 7199, 7221, 7222, 7223, 7224, 7225, 7269, 7290, 7355, 7550, 7612, 7613, 7614, 7615, 7616, 7651, 7736, 7836, 7992, 8156, 8218, 8313, 8356, 8443, 8620, 8639, 8640, 8641, 8642, 8701, 8781, 8782, 8867, 8879, 8880, 8881, 8882, 8883, 8960, 8970, 9111, 9112, 9113, 9184, 9320, 9661, 9701, 9702, 9703, 9704, 9914, 9940, 10010, 10265, 10292, 10293, 10294, 10295, 10317, 10355, 10356, 10357, 10358, 10359, 10565, 10576, 10577, 10578, 10704, 10705, 10774, 10964, 11150, 11153, 11188, 11189, 11190, 11191, 11192, 11344, 11447, 11448, 11449, 11450, 11451, 11452, 11471, 11486, 11487, 11488, 11489, 11497, 11498, 11563, 11564, 11565, 11655, 11774, 11798, 11846, 11859, 11925, 11926, 11935, 11940, 11957, 11958, 12127, 12220, 12221, 12222, 12223, 12431, 12451, 12470, 12525, 12563, 12772, 12840, 12879, 12880, 12881, 12882, 12883, 13000, 13078, 13079, 13097, 13128, 13129, 13130, 13131, 13191, 13325, 13393, 13402, 13405, 13468, 13469, 13470, 13471, 13494, 13592, 13597, 13598, 13599, 13600, 13601, 13650, 13651, 13652, 13677, 13712, 13831, 13838, 13839, 13840, 13856, 13887, 13977, 13978, 13979, 13980, 13981, 13982, 14062, 14063, 14064, 14065, 14066, 14650, 14732, 14733, 14734, 14930, 14958, 15117, 15118, 15121, 15131, 15261, 15262, 15336, 15420]",001,EVP4571878,Renault & Fils SARL,EU
"[43, 276, 364, 384, 400, 563, 564, 565, 566, 567, 675, 691, 721, 722, 723, 724, 725, 816, 868, 968, 976, 977, 978, 979, 1009, 1145, 1168, 1184, 1306, 1416, 1463, 1516, 1518, 1742, 1800, 1852, 1883, 1890, 1944, 2065, 2150, 2362, 2383, 2420, 2538, 2542, 2680, 3246, 3341, 3354, 3405, 3527, 3528, 3529, 3530, 3599, 3600, 3601, 3602, 3603, 3810, 3812, 3999, 4318, 4393, 4398, 4408, 4429, 4437, 4438, 4439, 4440, 4496, 4497, 4499, 4576, 4577, 4578, 4708, 4709, 4710, 4711, 4712, 4713, 4714, 4891, 4904, 4922, 4923, 4924, 4925, 4926, 4954, 4955, 5026, 5042, 5105, 5149, 5299, 5376, 5614, 5666, 5691, 5788, 5888, 5889, 5890, 5891, 5892, 6199, 6200, 6201, 6247, 6254, 6295, 6296, 6297, 6298, 6337, 6496, 6588, 6589, 6590, 6591, 6604, 6675, 6767, 6768, 6769, 6770, 6771, 6952, 6953, 6954, 6955, 6956, 6957, 6994, 7007, 7016, 7110, 7116, 7123, 7190, 7292, 7304, 7351, 7413, 7414, 7415, 7420, 7470, 7471, 7472, 7473, 7474, 7483, 7567, 7732, 7735, 7913, 7960, 8073, 8214, 8222, 8255, 8265, 8266, 8346, 8493, 8605, 8606, 8651, 8744, 8745, 8746, 8747, 8748, 8768, 8769, 8770, 8982, 9026, 9054, 9078, 9209, 9317, 9384, 9385, 9589, 9591, 9700, 9720, 9721, 9736, 9737, 9738, 9739, 9822, 9883, 9889, 9927, 9928, 9929, 9930, 9931, 9932, 10272, 10416, 10422, 10708, 10817, 10818, 10819, 10833, 10834, 10896, 10922, 10925, 10982, 10989, 11020, 11039, 11107, 11108, 11109, 11125, 11243, 11274, 11275, 11276, 11277, 11380, 11381, 11382, 11388, 11441, 11586, 11632, 11688, 11697, 11765, 11896, 11897, 11898, 11899, 11900, 11901, 11963, 11964, 11965, 11966, 12002, 12016, 12139, 12181, 12316, 12392, 12393, 12394, 12395, 12471, 12639, 12701, 12753, 12833, 12929, 12930, 12931, 12932, 12933, 13096, 13280, 13281, 13282, 13284, 13285, 13486, 13487, 13488, 13489, 13490, 13527, 13528, 13529, 13530, 13648, 13740, 13757, 13769, 13770, 13771, 13772, 13773, 13774, 13857, 13973, 13974, 13975, 13976, 14139, 14186, 14187, 14188, 14189, 14190, 14191, 14192, 14193, 14194, 14280, 14321, 14439, 14440, 14483, 14780, 14873, 14999, 15058, 15072, 15150, 15153, 15154, 15155, 15156, 15157, 15158, 15159, 15290, 15328, 15374, 15451, 15466, 15467, 15470]",001,TAE8255972,Lumen Power Technologies,IE
"[45, 232, 273, 285, 287, 294, 380, 460, 503, 535, 536, 537, 641, 642, 643, 644, 645, 672, 706, 814, 858, 893, 894, 895, 896, 897, 898, 899, 972, 1103, 1198, 1314, 1498, 1535, 1546, 1719, 1781, 1818, 2142, 2143, 2144, 2145, 2146, 2159, 2160, 2161, 2162, 2163, 2164, 2283, 2284, 2293, 2377, 2378, 2379, 2380, 2510, 2517, 2518, 2519, 2520, 2521, 2522, 2731, 2936, 2961, 3153, 3154, 3155, 3156, 3157, 3158, 3163, 3328, 3329, 3407, 3523, 3524, 3525, 3549, 3584, 3604, 3747, 3808, 3979, 3980, 3981, 3982, 3983, 4032, 4074, 4107, 4187, 4220, 4314, 4315, 4365, 4391, 4667, 4668, 4669, 4670, 4705, 4777, 4778, 4779, 4824, 4836, 4949, 5010, 5011, 5012, 5013, 5286, 5416, 5417, 5418, 5419, 5420, 5421, 5422, 5453, 5468, 5469, 5470, 5479, 5513, 5609, 5675, 5807, 5952, 5976, 6052, 6118, 6120, 6121, 6122, 6139, 6140, 6141, 6473, 6483, 6492, 6499, 6507, 6624, 6637, 6638, 6639, 6690, 6702, 6798, 6865, 6964, 6965, 6966, 6967, 6968, 6969, 6989, 7014, 7022, 7124, 7127, 7128, 7129, 7167, 7168, 7169, 7170, 7171, 7233, 7234, 7235, 7272, 7305, 7400, 7417, 7418, 7419, 7600, 7632, 7642, 7742, 7828, 7997, 8005, 8197, 8198, 8199, 8200, 8201, 8213, 8373, 8378, 8479, 8509, 8510, 8511, 8512, 8513, 8515, 8516, 8598, 8628, 8692, 8693, 8694, 8700, 8762, 8763, 8784, 8844, 8983, 9093, 9147, 9148, 9149, 9150, 9281, 9282, 9283, 9284, 9285, 9451, 9624, 9670, 9677, 10000, 10215, 10401, 10407, 10531, 10532, 10557, 10602, 10641, 10936, 10955, 10999, 11000, 11011, 11012, 11013, 11127, 11128, 11129, 11130, 11307, 11353, 11375, 11399, 11502, 11514, 11600, 11681, 11685, 11751, 11778, 11880, 11889, 11942, 12052, 12110, 12217, 12219, 12334, 12414, 12415, 12416, 12417, 12418, 12419, 12500, 12501, 12502, 12503, 12653, 12768, 12797, 12866, 12941, 12980, 13255, 13298, 13435, 13519, 13595, 13655, 13656, 13657, 13902, 13950, 14056, 14238, 14394, 14460, 14581, 14582, 14583, 14590, 14704, 14935, 14975, 15000, 15001, 15002, 15036, 15051, 15082, 15152, 15187, 15342, 15471]",001,SIZ6820794,Global Solutions Ltd,NZ
"[47, 54, 55, 56, 558, 654, 655, 656, 657, 658, 775, 948, 958, 973, 992, 1038, 1049, 1194, 1221, 1281, 1364, 1446, 1447, 1505, 1506, 1507, 1508, 1509, 1510, 1557, 1774, 1854, 1863, 2115, 2127, 2263, 2264, 2265, 2266, 2267, 2268, 2269, 2648, 2710, 2748, 2770, 2899, 2905, 2933, 2957, 2979, 2991, 2992, 2993, 2994, 2995, 3134, 3234, 3272, 3307, 3453, 3490, 3510, 3586, 3646, 3720, 3721, 3722, 3723, 3724, 3725, 3726, 3727, 3746, 3772, 3773, 3774, 3775, 3776, 3777, 3778, 3819, 3936, 3937, 3938, 3939, 3940, 3947, 4106, 4119, 4251, 4276, 4284, 4303, 4336, 4361, 4362, 4363, 4364, 4469, 4563, 4856, 4912, 5006, 5210, 5211, 5323, 5327, 5328, 5329, 5333, 5464, 5465, 5466, 5467, 5608, 5751, 5850, 5851, 5852, 5853, 5856, 5884, 5932, 5939, 6098, 6194, 6196, 6197, 6198, 6294, 6458, 6459, 6460, 6684, 6685, 6695, 6723, 6821, 6929, 6930, 6931, 6933, 6934, 7033, 7046, 7117, 7118, 7119, 7121, 7122, 7198, 7347, 7348, 7349, 7350, 7354, 7637, 7638, 7678, 7679, 7680, 7681, 7798, 7825, 7853, 7855, 8076, 8148, 8309, 8376, 8382, 8441, 8447, 8463, 8686, 8776, 8828, 8951, 9016, 9017, 9018, 9019, 9020, 9021, 9055, 9069, 9336, 9398, 9409, 9410, 9411, 9412, 9618, 9619, 9620, 9715, 9717, 9768, 9769, 9770, 9771, 9790, 9791, 9792, 9793, 9794, 9795, 9796, 9875, 9876, 9877, 9878, 9879, 9918, 10043, 10187, 10188, 10189, 10218, 10230, 10406, 10469, 10838, 10907, 10908, 10909, 10910, 10911, 10912, 11016, 11149, 11182, 11295, 11392, 11393, 11394, 11395, 11421, 11469, 11509, 11510, 11645, 11646, 11647, 11648, 11995, 12051, 12128, 12344, 12373, 12432, 12443, 12444, 12445, 12446, 12447, 12448, 12491, 12521, 12522, 12523, 12683, 12706, 12735, 12770, 12773, 12774, 12775, 12776, 12785, 12796, 12810, 12817, 12818, 12819, 12951, 12987, 13231, 13232, 13233, 13234, 13235, 13277, 13291, 13292, 13293, 13294, 13295, 13296, 13348, 13387, 13388, 13389, 13390, 13391, 13459, 13570, 13571, 13572, 13573, 13659, 13713, 13714, 13715, 13716, 13717, 13850, 13855, 13903, 14028, 14029, 14030, 14031, 14032, 14057, 14085, 14086, 14087, 14088, 14096, 14162, 14252, 14339, 14345, 14393, 14403, 14484, 14517, 14535, 14580, 14742, 14758, 14926, 15122, 15198, 15405, 15436, 15437, 15438, 15439, 15469, 15473]",001,DDD0641353,Zhang & Co. Limited,US
"[48, 51, 75, 83, 84, 85, 86, 87, 279, 374, 375, 376, 377, 378, 394, 448, 449, 491, 709, 755, 756, 989, 1017, 1045, 1105, 1174, 1175, 1177, 1188, 1189, 1190, 1257, 1310, 1338, 1564, 1626, 1627, 1628, 1629, 1672, 1715, 1797, 1837, 1838, 1839, 1879, 1920, 1924, 1929, 2212, 2213, 2219, 2359, 2361, 2451, 2547, 2571, 2646, 2673, 2674, 2675, 2691, 2703, 2726, 2802, 2831, 2870, 2897, 3149, 3160, 3161, 3202, 3203, 3204, 3205, 3206, 3207, 3238, 3239, 3240, 3241, 3304, 3399, 3428, 3520, 3695, 3736, 3818, 3997, 4017, 4045, 4112, 4223, 4249, 4319, 4403, 4428, 4435, 4524, 4551, 4552, 4553, 4554, 4588, 4589, 4590, 4591, 4676, 4677, 4703, 4791, 4792, 4793, 4962, 4963, 5167, 5264, 5388, 5438, 5439, 5440, 5441, 5442, 5443, 5559, 5726, 5801, 5802, 5803, 5804, 5880, 6019, 6106, 6108, 6211, 6212, 6213, 6288, 6504, 6641, 6704, 6731, 6732, 6733, 6734, 6735, 6975, 6976, 6977, 6978, 6980, 6981, 6982, 7059, 7180, 7393, 7411, 7437, 7455, 7456, 7457, 7458, 7459, 7460, 7461, 7502, 7511, 7512, 7513, 7514, 7515, 7553, 7558, 7570, 7762, 7771, 7792, 7793, 7852, 7864, 7969, 8022, 8110, 8120, 8121, 8122, 8525, 8630, 8680, 8681, 8738, 8789, 8815, 8817, 8850, 9000, 9237, 9245, 9246, 9247, 9248, 9249, 9328, 9329, 9330, 9331, 9332, 9333, 9355, 9441, 9468, 9488, 9570, 9571, 9572, 9573, 9724, 9797, 9853, 9972, 10051, 10069, 10070, 10071, 10072, 10073, 10074, 10075, 10098, 10119, 10120, 10121, 10122, 10123, 10124, 10175, 10275, 10361, 10436, 10468, 10752, 10881, 10882, 10883, 10884, 10885, 10967, 10992, 10993, 10994, 10995, 11235, 11268, 11308, 11341, 11430, 11468, 11544, 11815, 11816, 11817, 11818, 11819, 12050, 12074, 12093, 12297, 12411, 12526, 12599, 12600, 12601, 12602, 12636, 12669, 12670, 12671, 12672, 12673, 12674, 12734, 12789, 12848, 12886, 12887, 12888, 12889, 12936, 13152, 13171, 13172, 13173, 13174, 13176, 13380, 13381, 13491, 13516, 13517, 13532, 13533, 13534, 13538, 13546, 13644, 13645, 13646, 13748, 13872, 14291, 14423, 14461, 14531, 14576, 14577, 14578, 14612, 14645, 14655, 14793, 14888, 15016, 15061, 15078, 15242, 15329, 15431]",001,ZTM3306886,Hassan & Sons Pvt. Ltd.,ES
"[50, 74, 88, 89, 90, 206, 426, 427, 428, 631, 701, 963, 1050, 1079, 1201, 1341, 1433, 1578, 1970, 2009, 2017, 2018, 2019, 2021, 2110, 2111, 2112, 2113, 2114, 2201, 2392, 2393, 2394, 2578, 2720, 2721, 2722, 2723, 2732, 2733, 2734, 2735, 3044, 3271, 3335, 3336, 3337, 3338, 3369, 3493, 3706, 3751, 3836, 3839, 3902, 3923, 3924, 3925, 3965, 4075, 4076, 4235, 4258, 4290, 4392, 4468, 4508, 4509, 4510, 4546, 4605, 4750, 4839, 4840, 4841, 4842, 4843, 4859, 4860, 4861, 4862, 4863, 4867, 5101, 5195, 5297, 5448, 5514, 5578, 5729, 5730, 5731, 5786, 5881, 5994, 5995, 5996, 5997, 6291, 6330, 6520, 6521, 6522, 6871, 6872, 7015, 7189, 7212, 7227, 7259, 7262, 7270, 7284, 7312, 7314, 7371, 7568, 7596, 7597, 7598, 7599, 7676, 7677, 7806, 8044, 8160, 8168, 8203, 8204, 8205, 8225, 8240, 8349, 8353, 8384, 8385, 8420, 8421, 8422, 8423, 8424, 8454, 8455, 8456, 8457, 8608, 8609, 8637, 8656, 8730, 8756, 8767, 8785, 8786, 8787, 8788, 8818, 9052, 9053, 9157, 9158, 9159, 9160, 9161, 9193, 9575, 9609, 9660, 9735, 9746, 9810, 9961, 9962, 9963, 9964, 9965, 9966, 10001, 10002, 10003, 10004, 10005, 10061, 10077, 10276, 10277, 10286, 10287, 10288, 10429, 10598, 10599, 10600, 10601, 10674, 10684, 10845, 10981, 11215, 11405, 11406, 11425, 11527, 11768, 11986, 12206, 12295, 12391, 12705, 12724, 12793, 13107, 13733, 13763, 13776, 13832, 13833, 13834, 13841, 13954, 13970, 14142, 14201, 14218, 14447, 14546, 14609, 14637, 14678, 14690, 14691, 14692, 14693, 14721, 14979, 15005, 15007, 15311, 15332, 15333, 15334, 15335, 15338, 15393]",001,EIJ1498063,Rossi & Figli Costruzioni,SV
"[53, 178, 228, 231, 271, 361, 362, 363, 391, 457, 458, 459, 539, 543, 621, 622, 623, 863, 864, 865, 866, 867, 1034, 1035, 1192, 1299, 1592, 1642, 1659, 1675, 1718, 1960, 1993, 2035, 2067, 2068, 2069, 2070, 2071, 2072, 2074, 2171, 2199, 2204, 2225, 2391, 2427, 2428, 2429, 2430, 2481, 2694, 2695, 2696, 2697, 2698, 2699, 2750, 2752, 2753, 2754, 2807, 2869, 3058, 3175, 3265, 3381, 3382, 3383, 3396, 3471, 3473, 3557, 3609, 3707, 4034, 4087, 4088, 4089, 4309, 4310, 4323, 4495, 4692, 4736, 4802, 4825, 4864, 4940, 4941, 4942, 5097, 5237, 5322, 5326, 5397, 5430, 5543, 5545, 5546, 5549, 5597, 5598, 5599, 5725, 5778, 5812, 5855, 5926, 5931, 5993, 6183, 6451, 6452, 6453, 6454, 6455, 6538, 6574, 6596, 6597, 6598, 6614, 6667, 6696, 6697, 6698, 6709, 6718, 6719, 6720, 6721, 6778, 6779, 6962, 7089, 7092, 7101, 7102, 7131, 7318, 7422, 7521, 7579, 7609, 7647, 7699, 7700, 7701, 7870, 8033, 8034, 8035, 8036, 8037, 8038, 8039, 8079, 8128, 8244, 8335, 8336, 8337, 8370, 8371, 8372, 8381, 8550, 8551, 8753, 8754, 8765, 8775, 8826, 8846, 8853, 8948, 9114, 9201, 9340, 9628, 9662, 9663, 9664, 9665, 9666, 9672, 9673, 9674, 9675, 9676, 9681, 9711, 9732, 9733, 9744, 9774, 9804, 9871, 9872, 9951, 10100, 10249, 10335, 10362, 10373, 10395, 10396, 10397, 10398, 10399, 10400, 10415, 10428, 10432, 10443, 10445, 10452, 10505, 10517, 10655, 10656, 10657, 10756, 10888, 10926, 11076, 11077, 11078, 11079, 11080, 11086, 11098, 11099, 11100, 11101, 11102, 11237, 11238, 11239, 11240, 11241, 11242, 11362, 11466, 11470, 11545, 11547, 11666, 11696, 11804, 11843, 11844, 12076, 12156, 12157, 12158, 12234, 12380, 12381, 12382, 12429, 12436, 12437, 12438, 12439, 12440, 12514, 12811, 12812, 12813, 12814, 12815, 12820, 12821, 12822, 12823, 12824, 12953, 12958, 12959, 12960, 12961, 12962, 13053, 13069, 13419, 13454, 13485, 13604, 14170, 14385, 14442, 14572, 14598, 14647, 14696, 14802, 14855, 14856, 14857, 14858, 14870, 14885, 14886, 14887, 14989, 15006, 15057, 15070, 15141, 15227, 15346, 15347, 15348, 15355, 15419, 15484, 15485, 15486, 15520]",001,PNH6985521,Smith & Co. Consulting,US
"[57, 152, 205, 245, 255, 256, 258, 259, 260, 261, 262, 319, 342, 382, 447, 499, 552, 553, 704, 809, 810, 811, 812, 1018, 1019, 1020, 1053, 1144, 1223, 1292, 1320, 1327, 1378, 1381, 1401, 1523, 1532, 1569, 1694, 1723, 1729, 1730, 1731, 1732, 1733, 1903, 1965, 2010, 2165, 2183, 2208, 2230, 2338, 2339, 2475, 2497, 2512, 2644, 2850, 2851, 2852, 2853, 2854, 2855, 2856, 2921, 3048, 3049, 3050, 3106, 3145, 3281, 3282, 3283, 3284, 3285, 3318, 3325, 3418, 3419, 3732, 3733, 3734, 3855, 3856, 3857, 3941, 4056, 4108, 4228, 4432, 4433, 4463, 4464, 4465, 4466, 4467, 4479, 4550, 4584, 4647, 4658, 4719, 4799, 4800, 4821, 4828, 4916, 4981, 5043, 5044, 5045, 5046, 5047, 5048, 5291, 5292, 5339, 5618, 5668, 5676, 5677, 5708, 5767, 5981, 6176, 6228, 6286, 6470, 6630, 6915, 6922, 6958, 6959, 6960, 6961, 7028, 7343, 7384, 7428, 7429, 7430, 7431, 7442, 7533, 7620, 7660, 7691, 7692, 7693, 7694, 7737, 7744, 7749, 7817, 7818, 7867, 8016, 8046, 8303, 8307, 8386, 8387, 8388, 8389, 8783, 8799, 8955, 8956, 8957, 8958, 8959, 9035, 9036, 9037, 9038, 9096, 9200, 9250, 9251, 9252, 9253, 9254, 9288, 9305, 9803, 9835, 9911, 9950, 10130, 10157, 10158, 10159, 10160, 10161, 10162, 10164, 10321, 10322, 10354, 10366, 10367, 10368, 10369, 10370, 10477, 10478, 10625, 10628, 10629, 10697, 10698, 10699, 10730, 10731, 10732, 10733, 10734, 10735, 10736, 10738, 10850, 11002, 11300, 11313, 11331, 11386, 11465, 11483, 11582, 11631, 11635, 11636, 11637, 11638, 11639, 11663, 11683, 11753, 11764, 11797, 11877, 11895, 11927, 11936, 11955, 11981, 12083, 12140, 12208, 12233, 12249, 12518, 12551, 12590, 12677, 12689, 12690, 12691, 12832, 12838, 13032, 13279, 13478, 13727, 13766, 13788, 13882, 13983, 14012, 14048, 14309, 14363, 14409, 14444, 14448, 14571, 14613, 14792, 14847, 14917, 14933, 15114, 15115, 15116, 15253, 15254, 15255, 15289, 15478, 15502]",001,XQI8289538,Nexus Financial Services,PA
"[58, 131, 184, 185, 186, 187, 265, 266, 267, 286, 422, 477, 490, 510, 523, 662, 710, 779, 1051, 1067, 1068, 1069, 1070, 1071, 1237, 1461, 1607, 1608, 1609, 1624, 1693, 1720, 1721, 1773, 1784, 1824, 1844, 1874, 1875, 1880, 1926, 1958, 1982, 2022, 2222, 2223, 2224, 2292, 2349, 2350, 2351, 2645, 2755, 2824, 2825, 2826, 2827, 2828, 2858, 2859, 2860, 2861, 2862, 2863, 3027, 3028, 3029, 3088, 3322, 3373, 3380, 3429, 3469, 3638, 3767, 3771, 3834, 3846, 3847, 3848, 3849, 4037, 4128, 4129, 4130, 4283, 4379, 4595, 4596, 4597, 4598, 4615, 4621, 4622, 4623, 4624, 4672, 4675, 4752, 4753, 4754, 4755, 4756, 4773, 4901, 4928, 5094, 5112, 5113, 5114, 5115, 5116, 5229, 5365, 5370, 5459, 5460, 5461, 5462, 5463, 5484, 5629, 5637, 5745, 5912, 5913, 5980, 6060, 6112, 6250, 6251, 6252, 6253, 6475, 6476, 6477, 6478, 6479, 6494, 6495, 6508, 6533, 6554, 6615, 6616, 6883, 6884, 6928, 6971, 7009, 7220, 7311, 7369, 7402, 7404, 7405, 7406, 7407, 7408, 7433, 7462, 7503, 7545, 7581, 7740, 7783, 7877, 8000, 8029, 8030, 8031, 8059, 8292, 8293, 8294, 8347, 8348, 8453, 8485, 8486, 8487, 8488, 8489, 8490, 8491, 8556, 8675, 8676, 8690, 8723, 8813, 8941, 9050, 9152, 9153, 9154, 9155, 9156, 9185, 9210, 9211, 9212, 9381, 9467, 9481, 9499, 9500, 9501, 9606, 9648, 9668, 9767, 9986, 10045, 10046, 10047, 10059, 10106, 10107, 10108, 10109, 10131, 10178, 10458, 10484, 10485, 10486, 10527, 10589, 10590, 10591, 10592, 10627, 10666, 10676, 10706, 10760, 10761, 10966, 11136, 11211, 11290, 11338, 11358, 11359, 11360, 11493, 11494, 11495, 11496, 11641, 11642, 11643, 11644, 11652, 11654, 11759, 11823, 11842, 11987, 12061, 12107, 12118, 12167, 12248, 12299, 12355, 12356, 12428, 12643, 12747, 12795, 12834, 12853, 12885, 13480, 13481, 13482, 13483, 13661, 13665, 13789, 13790, 13791, 13884, 13940, 13941, 13942, 13943, 14069, 14070, 14071, 14072, 14073, 14074, 14157, 14160, 14178, 14306, 14475, 14476, 14477, 14478, 14479, 14532, 14557, 14558, 14559, 14560, 14648, 14751, 14922, 14941, 15129, 15243, 15310, 15383, 15384, 15385, 15423, 15465]",001,QYY2957205,Park & Lee Solutions,IT
"[59, 153, 177, 222, 348, 349, 350, 351, 352, 353, 414, 461, 519, 673, 685, 750, 751, 752, 753, 774, 788, 791, 920, 921, 922, 923, 954, 955, 956, 957, 1031, 1081, 1082, 1083, 1129, 1166, 1199, 1210, 1343, 1612, 1648, 1724, 1725, 1726, 1727, 2041, 2042, 2043, 2044, 2045, 2046, 2047, 2086, 2099, 2102, 2103, 2104, 2105, 2173, 2180, 2181, 2182, 2218, 2296, 2386, 2813, 2900, 2947, 3052, 3053, 3095, 3119, 3141, 3168, 3195, 3247, 3422, 3423, 3424, 3425, 3426, 3570, 3672, 3679, 3768, 3927, 3958, 3968, 4041, 4184, 4200, 4431, 4609, 4679, 4680, 4700, 4735, 4746, 4747, 4837, 4998, 5064, 5098, 5103, 5174, 5304, 5315, 5485, 5486, 5487, 5488, 5489, 5789, 5916, 5938, 5951, 6035, 6152, 6153, 6154, 6155, 6156, 6167, 6168, 6169, 6170, 6171, 6172, 6235, 6236, 6237, 6238, 6239, 6300, 6316, 6317, 6409, 6445, 6446, 6447, 6648, 6699, 6716, 6760, 6873, 6946, 6983, 6984, 7017, 7034, 7140, 7249, 7268, 7398, 7490, 7491, 7492, 7509, 7516, 7548, 7573, 7588, 7650, 7710, 7711, 7712, 7786, 7787, 7788, 7789, 7790, 7880, 7881, 7882, 7883, 7884, 7914, 7916, 7966, 8071, 8086, 8124, 8166, 8188, 8202, 8638, 8750, 8884, 9033, 9064, 9065, 9066, 9067, 9133, 9213, 9217, 9255, 9293, 9294, 9295, 9296, 9304, 9372, 9534, 9535, 9536, 9537, 9577, 9656, 9712, 9743, 9832, 9852, 9866, 10014, 10024, 10082, 10420, 10473, 10673, 10686, 10772, 10779, 10871, 10872, 10873, 10874, 10880, 10904, 11005, 11006, 11007, 11029, 11036, 11051, 11167, 11328, 11332, 11373, 11671, 11913, 11952, 11992, 11993, 11994, 12022, 12046, 12135, 12204, 12209, 12239, 12308, 12342, 12343, 12352, 12509, 12510, 12540, 12553, 12803, 12895, 12902, 12903, 12940, 12967, 12970, 13222, 13223, 13224, 13225, 13278, 13602, 13680, 13702, 13718, 13996, 14001, 14106, 14158, 14195, 14222, 14223, 14224, 14225, 14257, 14258, 14259, 14470, 14737, 14782, 14846, 15018, 15019, 15020, 15021, 15022, 15023, 15024, 15109, 15272, 15408, 15455]",001,XVO6675883,Schmidt & Co. Handels,ZW
"[63, 70, 191, 207, 310, 470, 603, 785, 786, 787, 903, 1086, 1111, 1170, 1187, 1213, 1214, 1215, 1216, 1217, 1222, 1247, 1331, 1556, 1760, 1791, 1814, 1851, 1963, 1967, 1968, 1969, 2198, 2205, 2206, 2207, 2326, 2327, 2328, 2329, 2330, 2413, 2516, 2657, 2671, 2771, 2948, 2968, 2969, 3071, 3142, 3313, 3467, 3518, 3519, 3526, 3681, 3729, 4113, 4270, 4271, 4272, 4273, 4274, 4275, 4287, 4293, 4296, 4380, 4381, 4382, 4383, 4386, 4430, 4436, 4448, 4449, 4450, 4451, 4539, 4540, 4541, 4542, 4610, 4706, 4895, 4896, 4897, 4936, 5065, 5180, 5301, 5429, 5607, 5643, 5644, 5645, 5692, 5736, 5737, 5738, 5739, 5740, 5741, 5796, 5896, 5934, 6009, 6021, 6055, 6068, 6138, 6144, 6159, 6277, 6278, 6279, 6280, 6347, 6457, 6461, 6488, 6503, 6562, 6608, 6659, 6713, 6757, 6839, 6840, 6841, 7068, 7111, 7112, 7242, 7481, 7523, 7524, 7525, 7526, 7578, 7658, 7775, 7953, 7983, 8180, 8181, 8182, 8206, 8283, 8302, 8403, 8475, 8896, 8994, 9146, 9167, 9168, 9169, 9170, 9171, 9172, 9173, 9269, 9310, 9316, 9407, 9476, 9558, 9559, 9560, 9561, 9562, 9563, 9564, 9772, 10068, 10190, 10309, 10310, 10311, 10312, 10313, 10394, 10405, 10497, 10583, 10608, 10804, 10864, 10891, 10920, 11110, 11262, 11310, 11423, 11439, 11490, 11548, 11549, 11550, 11556, 11557, 11558, 11559, 11560, 11651, 11677, 11779, 11850, 12097, 12192, 12362, 12479, 12555, 12617, 12644, 12693, 12748, 13068, 13104, 13251, 13313, 13403, 13404, 13406, 13407, 13415, 13535, 13539, 13551, 13552, 13553, 13554, 13561, 13562, 13563, 13568, 13734, 13735, 13736, 13737, 13738, 13739, 14098, 14099, 14143, 14166, 14265, 14270, 14271, 14272, 14273, 14274, 14343, 14354, 14355, 14356, 14406, 14420, 14422, 14433, 14816, 15130, 15282, 15371, 15396]",001,YGQ8237982,Eagle Financial Group,US
"[66, 72, 108, 109, 110, 111, 112, 120, 121, 122, 123, 124, 125, 202, 235, 268, 373, 403, 404, 405, 406, 407, 432, 471, 472, 473, 474, 478, 652, 653, 770, 781, 806, 915, 916, 917, 918, 997, 1152, 1186, 1204, 1295, 1474, 1577, 1698, 1834, 1840, 1841, 1842, 1845, 2106, 2129, 2132, 2211, 2232, 2347, 2498, 2543, 2626, 2736, 2908, 3070, 3182, 3237, 3252, 3295, 3296, 3297, 3310, 3391, 3392, 3393, 3394, 3395, 3487, 3496, 3558, 3579, 3608, 3690, 3804, 3805, 3806, 3992, 4012, 4104, 4120, 4132, 4147, 4148, 4149, 4387, 4388, 4422, 4562, 4743, 4807, 4918, 4959, 4960, 4961, 4996, 5002, 5003, 5049, 5093, 5102, 5183, 5194, 5312, 5515, 5516, 5517, 5518, 5519, 5653, 5654, 5655, 5656, 5679, 5748, 5749, 5750, 5758, 5828, 5872, 5873, 5874, 5875, 5876, 5877, 5887, 5893, 6039, 6040, 6041, 6042, 6043, 6275, 6338, 6370, 6371, 6372, 6605, 6606, 6646, 6794, 6795, 6796, 6924, 6970, 6974, 7010, 7058, 7138, 7309, 7310, 7425, 7453, 7542, 7546, 7626, 7639, 7824, 7847, 7874, 7907, 7908, 7909, 7910, 7911, 7912, 7988, 8024, 8025, 8026, 8027, 8028, 8123, 8308, 8324, 8444, 8522, 8611, 8703, 8704, 8705, 8741, 8800, 8811, 8834, 8918, 8969, 9028, 9115, 9134, 9166, 9346, 9347, 9348, 9349, 9350, 9351, 9364, 9475, 9545, 9552, 9626, 9741, 9745, 9755, 9756, 9757, 9758, 9808, 9906, 9907, 9908, 9960, 10378, 10392, 10506, 10579, 10580, 10581, 10582, 10615, 10642, 10667, 10685, 10743, 10784, 10927, 10928, 10929, 10930, 10932, 11010, 11041, 11044, 11176, 11177, 11178, 11179, 11180, 11181, 11249, 11260, 11299, 11391, 11403, 11541, 11611, 11672, 11761, 11826, 12108, 12291, 12301, 12358, 12457, 12458, 12459, 12460, 12461, 12462, 12475, 12511, 12529, 12538, 12635, 12657, 12675, 12676, 12868, 12914, 12935, 13154, 13226, 13229, 13350, 13351, 13352, 13353, 13569, 13666, 13667, 13668, 13768, 13775, 13835, 14082, 14503, 14632, 14634, 14688, 14714, 14853, 14947, 14948, 14949, 14950, 15080, 15125, 15252, 15357, 15367, 15386, 15392, 15400, 15401, 15402, 15403, 15404]",001,YSD3087280,Ramirez & Hijos Servicios,EC
"[73, 246, 247, 248, 249, 251, 252, 253, 334, 344, 468, 514, 515, 516, 517, 570, 602, 703, 1006, 1130, 1208, 1209, 1345, 1359, 1538, 1787, 1850, 1981, 2052, 2077, 2094, 2178, 2297, 2298, 2299, 2300, 2396, 2400, 2401, 2402, 2403, 2404, 2532, 2533, 2534, 2535, 2536, 2537, 2601, 2608, 2620, 2621, 2622, 2623, 2624, 2711, 2738, 2785, 2842, 2880, 3017, 3018, 3019, 3022, 3120, 3236, 3248, 3263, 3286, 3298, 3299, 3342, 3347, 3400, 3401, 3402, 3403, 3404, 3443, 3611, 3673, 3809, 3976, 4153, 4154, 4155, 4177, 4178, 4179, 4180, 4181, 4182, 4341, 4342, 4373, 4374, 4375, 4376, 4444, 4445, 4502, 4532, 4617, 4618, 4619, 4620, 4826, 5072, 5073, 5074, 5075, 5270, 5271, 5272, 5273, 5274, 5298, 5324, 5361, 5394, 5541, 5568, 5603, 5646, 5732, 5754, 5841, 5842, 5843, 5844, 5845, 5953, 5955, 5956, 5957, 5958, 6193, 6202, 6203, 6204, 6205, 6206, 6219, 6382, 6383, 6384, 6385, 6700, 6799, 6800, 6801, 6816, 6817, 6818, 6822, 6823, 6844, 7025, 7150, 7733, 7795, 7834, 7835, 7862, 8010, 8032, 8101, 8295, 8297, 8298, 8299, 8300, 8330, 8351, 8431, 8432, 8433, 8554, 8555, 8557, 8558, 8559, 8560, 8561, 8562, 8563, 8593, 8636, 8766, 8780, 8801, 8845, 8920, 9386, 9553, 9639, 9729, 9864, 10052, 10110, 10137, 10216, 10227, 10365, 10391, 10528, 10530, 10568, 10643, 10644, 10645, 10646, 10647, 10753, 10810, 10861, 10946, 10974, 11025, 11026, 11038, 11204, 11205, 11206, 11207, 11208, 11209, 11232, 11323, 11340, 11520, 11521, 11522, 11523, 11583, 11621, 11657, 11658, 11659, 11660, 11661, 11721, 11802, 11810, 11811, 11812, 11847, 11860, 11918, 11947, 11954, 12020, 12098, 12099, 12100, 12101, 12102, 12103, 12104, 12186, 12187, 12188, 12189, 12396, 12442, 12613, 12707, 12723, 12725, 12749, 12755, 12849, 12850, 12851, 12852, 12854, 12874, 12875, 12876, 12890, 12891, 12892, 12915, 13169, 13287, 13288, 13289, 13290, 13378, 13379, 13436, 13437, 13438, 13467, 13515, 13590, 13638, 13639, 13694, 13804, 13805, 13806, 13807, 13811, 13913, 13914, 13915, 13935, 13936, 13985, 14018, 14049, 14050, 14051, 14061, 14095, 14204, 14261, 14357, 14358, 14359, 14573, 14589, 14611, 14660, 14669, 14670, 14671, 14672, 14673, 14756, 14762, 14910, 14959, 14978, 15077, 15090, 15091, 15092, 15093, 15259, 15260, 15424, 15480, 15481, 15482]",001,UKG9830524,Tanaka & Co. 株式会社,ZW
"[76, 154, 171, 172, 173, 192, 212, 213, 214, 215, 365, 613, 664, 733, 780, 782, 883, 884, 885, 886, 887, 999, 1052, 1123, 1124, 1125, 1126, 1127, 1128, 1270, 1290, 1428, 1429, 1430, 1431, 1512, 1513, 1514, 1563, 1722, 1893, 1894, 2060, 2117, 2126, 2325, 2346, 2458, 2459, 2668, 2724, 2742, 2814, 2815, 2816, 2817, 2818, 2833, 2864, 2938, 3035, 3036, 3112, 3113, 3114, 3115, 3356, 3366, 3367, 3368, 3384, 3388, 3488, 3606, 3835, 4011, 4022, 4023, 4024, 4025, 4026, 4109, 4126, 4234, 4313, 4358, 4366, 4406, 4808, 4993, 5095, 5100, 5334, 5335, 5336, 5337, 5338, 5347, 5348, 5349, 5611, 5724, 5846, 5847, 5848, 5942, 5954, 5982, 6303, 6405, 6449, 6450, 6541, 6611, 6651, 6676, 6710, 6914, 7560, 7561, 7562, 7563, 7750, 7819, 7837, 7839, 7946, 7965, 8017, 8077, 8144, 8184, 8326, 8327, 8328, 8329, 8383, 8419, 8425, 8476, 8534, 8535, 8536, 8600, 8665, 8666, 8667, 8802, 8899, 9012, 9056, 9057, 9058, 9059, 9177, 9216, 9227, 9228, 9229, 9230, 9231, 9270, 9315, 9361, 9551, 9629, 9630, 9631, 9632, 9633, 9680, 9754, 9801, 9823, 9855, 9894, 10342, 10691, 10715, 10773, 11037, 11047, 11048, 11049, 11090, 11131, 11213, 11247, 11273, 11515, 11516, 11517, 11518, 11519, 11628, 11629, 11630, 11649, 11805, 11903, 11943, 11961, 11968, 11969, 11970, 11971, 11972, 11991, 12001, 12011, 12111, 12112, 12113, 12114, 12115, 12116, 12203, 12210, 12412, 12527, 12528, 12694, 12788, 12969, 13001, 13101, 13299, 13312, 13394, 13536, 13594, 13756, 13792, 13793, 13989, 14011, 14040, 14060, 14246, 14298, 14362, 14370, 14372, 14373, 14374, 14375, 14376, 14402, 14430, 14529, 14568, 14636, 14814, 14815, 14834, 14940, 14971, 14972, 14973, 15062, 15063, 15064, 15094, 15095, 15132, 15169, 15275, 15276, 15277, 15278, 15279, 15337, 15406, 15460, 15490, 15514]",001,ETW4696582,AeroMax Manufacturing,SE
"[77, 91, 194, 197, 198, 199, 200, 272, 423, 439, 452, 551, 666, 792, 818, 819, 820, 821, 822, 845, 846, 847, 848, 849, 850, 993, 1001, 1002, 1178, 1262, 1312, 1420, 1453, 1651, 1697, 1862, 1891, 1928, 2092, 2151, 2152, 2153, 2154, 2155, 2340, 2382, 2572, 2706, 2707, 2708, 2709, 2793, 2836, 2951, 3013, 3014, 3015, 3016, 3023, 3024, 3025, 3057, 3075, 3094, 3186, 3187, 3188, 3189, 3190, 3277, 3305, 3345, 3375, 3445, 3582, 3630, 3650, 3737, 3738, 3739, 3740, 3741, 3742, 3743, 3744, 3972, 3973, 3974, 4015, 4141, 4168, 4183, 4211, 4237, 4297, 4305, 4338, 4399, 4405, 4410, 4519, 4657, 4760, 4790, 4874, 4907, 4952, 4975, 4988, 5123, 5162, 5163, 5164, 5165, 5166, 5182, 5200, 5201, 5202, 5222, 5248, 5249, 5250, 5251, 5350, 5368, 5454, 5478, 5605, 5759, 5760, 5761, 5762, 5763, 5764, 5829, 5830, 5831, 5832, 5833, 5835, 5886, 5902, 5924, 5990, 5991, 5992, 5998, 6046, 6047, 6048, 6049, 6050, 6051, 6126, 6313, 6388, 6666, 6668, 6669, 6670, 6671, 6677, 6714, 6837, 6879, 6880, 6881, 6882, 6902, 6925, 6926, 6927, 7044, 7047, 7105, 7120, 7155, 7201, 7214, 7352, 7394, 7395, 7396, 7397, 7399, 7452, 7466, 7467, 7468, 7543, 7743, 7757, 7816, 7846, 7934, 8177, 8233, 8274, 8275, 8276, 8277, 8278, 8288, 8352, 8379, 8392, 8418, 8528, 8576, 8577, 8578, 8579, 8596, 8607, 8733, 8734, 8735, 8736, 8755, 8915, 8916, 8917, 8927, 8928, 8929, 9003, 9004, 9006, 9180, 9327, 9460, 9496, 9692, 9693, 9694, 9802, 9865, 10163, 10210, 10211, 10212, 10229, 10306, 10353, 10377, 10526, 10612, 10729, 10786, 10897, 10898, 10899, 10900, 10915, 11065, 11112, 11113, 11114, 11115, 11116, 11117, 11151, 11253, 11254, 11304, 11305, 11387, 11480, 11500, 11551, 11581, 11755, 11791, 11792, 11793, 11794, 11931, 11932, 11933, 11934, 11948, 11977, 11978, 12005, 12026, 12027, 12028, 12029, 12296, 12469, 12489, 12512, 12552, 12780, 12781, 12782, 12783, 12912, 12988, 13038, 13039, 13085, 13114, 13121, 13363, 13364, 13365, 13496, 13500, 13501, 13502, 13503, 13504, 13616, 13681, 13720, 13918, 13919, 13937, 13968, 14003, 14107, 14161, 14212, 14213, 14214, 14215, 14216, 14314, 14315, 14316, 14317, 14335, 14405, 14524, 14525, 14526, 14527, 14588, 14604, 14605, 14606, 14607, 14608, 14625, 14626, 14627, 14638, 14643, 14694, 14720, 14783, 14801, 14836, 14837, 14838, 14839, 14840, 14841, 14860, 14861, 14862, 14902, 14903, 14904, 14905, 14906, 14907, 14909, 15067, 15068, 15069, 15149, 15237, 15241, 15256, 15257, 15258, 15366, 15417, 15426, 15428, 15477, 15489]",001,YMT4618717,Red Maple Ventures,US
"[93, 113, 126, 127, 128, 129, 130, 159, 174, 284, 288, 289, 290, 291, 292, 512, 746, 783, 924, 980, 981, 982, 1000, 1008, 1021, 1022, 1023, 1074, 1088, 1089, 1090, 1091, 1092, 1093, 1179, 1180, 1181, 1182, 1183, 1219, 1227, 1228, 1229, 1269, 1322, 1361, 1377, 1550, 1566, 1568, 1746, 1747, 1748, 1749, 1751, 1885, 2149, 2234, 2309, 2352, 2353, 2354, 2355, 2356, 2360, 2609, 2811, 2966, 2980, 2981, 2982, 3086, 3092, 3255, 3273, 3274, 3275, 3276, 3360, 3485, 3561, 3592, 3597, 3748, 3753, 3811, 3827, 3966, 4042, 4043, 4044, 4300, 4322, 4476, 4525, 4625, 4671, 4737, 4830, 4831, 4832, 4833, 4834, 5015, 5016, 5017, 5018, 5019, 5261, 5275, 5341, 5351, 5776, 5815, 6029, 6220, 6248, 6249, 6262, 6270, 6273, 6612, 6703, 6742, 6763, 6945, 7357, 7375, 7554, 7555, 7556, 7557, 7583, 7584, 7585, 7586, 7605, 7606, 7607, 7608, 7675, 7721, 7752, 7861, 8001, 8171, 8183, 8279, 8312, 8350, 8354, 8365, 8375, 8464, 8572, 8622, 8623, 8624, 8687, 8699, 8839, 8849, 8888, 8912, 8913, 8914, 9046, 9047, 9048, 9049, 9099, 9120, 9232, 9233, 9234, 9235, 9343, 9363, 9374, 9382, 9604, 9642, 9837, 10080, 10167, 10447, 10448, 10449, 10450, 10451, 10455, 10456, 10457, 10495, 10860, 10916, 10917, 10918, 10947, 10948, 10949, 10950, 10951, 10952, 10953, 11052, 11053, 11054, 11154, 11155, 11156, 11157, 11158, 11159, 11175, 11217, 11224, 11429, 11436, 11459, 11460, 11461, 11573, 11587, 11625, 11728, 11873, 11878, 11996, 12048, 12062, 12063, 12064, 12174, 12369, 12389, 12420, 12554, 12596, 12610, 12621, 12622, 12627, 12762, 12911, 13037, 13043, 13051, 13064, 13066, 13178, 13190, 13314, 13416, 13417, 13564, 13565, 13566, 13633, 13845, 14004, 14005, 14006, 14007, 14008, 14084, 14119, 14311, 14313, 14323, 14324, 14325, 14449, 14473, 14486, 14497, 14504, 14702, 14759, 14820, 14821, 14822, 14823, 14876, 14960, 15049, 15199, 15214, 15375, 15376, 15377, 15510, 15511, 15512, 15513]",001,ZYU5636450,Nakamura & Co. 株式会社,IE
"[106, 145, 164, 216, 217, 218, 219, 220, 356, 357, 358, 359, 431, 434, 467, 588, 589, 590, 591, 592, 593, 690, 744, 748, 757, 907, 960, 983, 994, 1059, 1191, 1407, 1649, 1704, 1776, 1777, 1778, 1792, 1825, 1826, 1902, 1994, 2008, 2040, 2179, 2317, 2445, 2446, 2447, 2448, 2465, 2526, 2527, 2528, 2529, 2530, 2552, 2554, 2602, 2664, 2996, 2997, 2998, 3005, 3093, 3128, 3174, 3185, 3209, 3266, 3267, 3314, 3517, 3619, 3620, 3621, 3622, 3623, 3624, 3625, 3757, 3758, 3828, 3878, 3950, 3953, 3994, 3995, 4082, 4083, 4278, 4279, 4280, 4339, 4340, 4352, 4353, 4354, 4355, 4356, 4447, 4514, 4520, 4521, 4522, 4523, 4585, 4586, 4587, 4606, 4607, 4613, 4626, 4678, 4698, 4762, 4789, 4810, 4811, 4812, 4892, 4950, 5051, 5052, 5053, 5054, 5055, 5081, 5111, 5118, 5119, 5120, 5121, 5122, 5293, 5511, 5567, 5589, 5590, 5591, 5592, 5593, 5594, 5595, 5610, 5808, 5809, 5810, 5811, 5827, 5936, 5937, 6016, 6037, 6125, 6157, 6182, 6221, 6222, 6223, 6224, 6266, 6267, 6268, 6433, 6587, 6603, 6661, 6680, 6711, 6715, 6736, 6737, 6738, 6739, 6819, 6896, 6897, 6898, 6905, 7021, 7026, 7042, 7126, 7386, 7435, 7501, 7566, 7659, 7796, 7841, 7890, 7923, 7943, 8129, 8130, 8131, 8174, 8241, 8363, 8436, 8437, 8438, 8445, 8524, 8719, 8758, 8759, 8760, 8761, 8778, 8791, 8797, 8840, 8841, 8980, 9032, 9151, 9199, 9322, 9323, 9324, 9376, 9400, 9422, 9423, 9424, 9528, 9529, 9530, 9531, 9547, 9719, 9753, 9789, 9934, 9935, 9936, 9957, 9959, 9997, 10040, 10049, 10076, 10273, 10274, 10283, 10421, 10489, 10500, 10575, 10633, 10737, 10741, 10777, 10787, 10828, 10829, 10830, 10831, 10889, 11075, 11166, 11368, 11369, 11370, 11371, 11372, 11385, 11410, 11411, 11412, 11413, 11414, 11543, 11584, 11624, 11690, 11776, 11801, 11824, 11825, 11834, 11835, 11836, 11837, 11838, 11839, 11872, 11985, 12298, 12324, 12325, 12326, 12327, 12407, 12433, 12476, 12492, 12513, 12588, 12645, 12688, 12720, 12778, 12826, 12827, 12828, 12829, 12830, 12835, 12836, 12837, 12992, 13007, 13011, 13012, 13013, 13139, 13144, 13164, 13177, 13182, 13506, 13695, 13696, 13697, 13698, 13699, 13706, 13851, 13895, 13951, 13952, 13953, 13958, 13967, 14145, 14159, 14262, 14263, 14264, 14295, 14296, 14297, 14344, 14389, 14443, 14445, 14522, 15081, 15134, 15164, 15202, 15240, 15330, 15369, 15415, 15499, 15505]",001,CZR7214715,Patel & Sons Pvt. Ltd.,SV
"[133, 325, 347, 390, 442, 469, 659, 661, 712, 762, 763, 764, 765, 766, 767, 900, 901, 902, 935, 1004, 1036, 1134, 1226, 1339, 1436, 1437, 1438, 1439, 1623, 1641, 1660, 1898, 1899, 1900, 1966, 2051, 2064, 2095, 2215, 2231, 2294, 2301, 2302, 2335, 2357, 2563, 2651, 2786, 2803, 2804, 2805, 2806, 2829, 2848, 2849, 2857, 3030, 3045, 3121, 3122, 3123, 3124, 3125, 3126, 3127, 3214, 3235, 3243, 3315, 3390, 3472, 3551, 3639, 3641, 3659, 3660, 3661, 3662, 3745, 3911, 3956, 4254, 4255, 4256, 4282, 4285, 4345, 4372, 4378, 4407, 4413, 4480, 4481, 4498, 4579, 4580, 4581, 4664, 4770, 4849, 4868, 4869, 4870, 4871, 4872, 4997, 5024, 5184, 5284, 5325, 5345, 5408, 5409, 5410, 5411, 5455, 5631, 5632, 5633, 5634, 5635, 5979, 6057, 6058, 6059, 6105, 6293, 6314, 6462, 6463, 6464, 6465, 6524, 6537, 6540, 6674, 6683, 7013, 7132, 7228, 7412, 7475, 7507, 7508, 7559, 7698, 7758, 7759, 7760, 7891, 7892, 7955, 8006, 8062, 8238, 8287, 8696, 8722, 8724, 8742, 8743, 8812, 8950, 9086, 9087, 9088, 9089, 9090, 9091, 9097, 9215, 9236, 9477, 9538, 9584, 9585, 9699, 9714, 9807, 9913, 9998, 9999, 10018, 10019, 10020, 10021, 10022, 10023, 10138, 10151, 10152, 10153, 10154, 10155, 10165, 10166, 10308, 10379, 10525, 10573, 10703, 10780, 10781, 10782, 10811, 10840, 10980, 11126, 11160, 11291, 11303, 11318, 11455, 11711, 12129, 12130, 12131, 12194, 12260, 12304, 12305, 12306, 12307, 12319, 12353, 12370, 12456, 12497, 12530, 12566, 12746, 12910, 12997, 12998, 13209, 13210, 13211, 13212, 13213, 13217, 13218, 13219, 13220, 13221, 13243, 13252, 13283, 13349, 13473, 13474, 13537, 13549, 13550, 13894, 14081, 14255, 14644, 14848, 14879, 14882, 14916, 15321, 15345, 15349, 15350, 15397, 15398, 15399, 15459]",001,GPN1729300,Schmidt & Partners AG,KR
"[158, 329, 330, 331, 332, 475, 692, 693, 694, 695, 790, 919, 933, 946, 1061, 1066, 1218, 1280, 1358, 1395, 1402, 1403, 1404, 1405, 1406, 1618, 1864, 1865, 1866, 1867, 1868, 1931, 2226, 2227, 2228, 2239, 2240, 2241, 2242, 2243, 2244, 2433, 2627, 2823, 2935, 2971, 2988, 3099, 3103, 3104, 3198, 3242, 3378, 3434, 3497, 3516, 3594, 3708, 3709, 3710, 3711, 3867, 3868, 3869, 3870, 3871, 3872, 3873, 3887, 3888, 3889, 3890, 3901, 3946, 3948, 3985, 3986, 3987, 3988, 3989, 4268, 4286, 4291, 4394, 4395, 4396, 4397, 4471, 4472, 4473, 4474, 4475, 4548, 4608, 4612, 4844, 4875, 4876, 4939, 5001, 5030, 5031, 5032, 5033, 5034, 5104, 5170, 5223, 5353, 5423, 5424, 5425, 5426, 5427, 5428, 5491, 5535, 5560, 5715, 5716, 5717, 5718, 5721, 5903, 6150, 6181, 6358, 6380, 6381, 6394, 6417, 6490, 6594, 6870, 6888, 6895, 6987, 7090, 7207, 7208, 7209, 7210, 7278, 7353, 7449, 7641, 7709, 7814, 7856, 8072, 8100, 8249, 8254, 8281, 8575, 8643, 8657, 8751, 8848, 9041, 9042, 9043, 9044, 9045, 9137, 9186, 9365, 9366, 9498, 9580, 9600, 9650, 9651, 9652, 9653, 9654, 9655, 9718, 9773, 9910, 10032, 10139, 10260, 10261, 10262, 10263, 10264, 10387, 10388, 10389, 10390, 10402, 10433, 10653, 10700, 10754, 10841, 10851, 11027, 11045, 11074, 11236, 11256, 11314, 11315, 11316, 11317, 11330, 11585, 11840, 11857, 11983, 12012, 12013, 12053, 12105, 12126, 12148, 12236, 12284, 12586, 12609, 12641, 12708, 12928, 12990, 13086, 13087, 13095, 13138, 13253, 13265, 13266, 13267, 13268, 13327, 13420, 13472, 13722, 13723, 13724, 13725, 13765, 13803, 13885, 14009, 14010, 14254, 14361, 14404, 14408, 14413, 14414, 14431, 14435, 14465, 14515, 14618, 14619, 14869, 14898, 14908, 14964, 14965, 14966, 15008, 15009, 15010, 15011, 15071, 15084, 15085, 15144, 15145, 15146, 15224, 15288, 15382, 15500]",001,BEY4435252,Vulcan Heavy Industries,EC
"[161, 167, 201, 307, 417, 418, 419, 420, 421, 424, 547, 548, 549, 550, 700, 743, 852, 853, 856, 1146, 1285, 1471, 1881, 1901, 1996, 1997, 1998, 1999, 2000, 2001, 2002, 2020, 2029, 2037, 2057, 2174, 2364, 2467, 2480, 2693, 2798, 2934, 3006, 3047, 3146, 3147, 3148, 3200, 3357, 3364, 3398, 3454, 3457, 3458, 3459, 3460, 3461, 3593, 3658, 3663, 3677, 3691, 4014, 4072, 4084, 4110, 4121, 4204, 4250, 4277, 4324, 4344, 4485, 4666, 4697, 4763, 4764, 4765, 4766, 4767, 4805, 4905, 4937, 5000, 5076, 5262, 5266, 5362, 5415, 5431, 5506, 5510, 5858, 5999, 6044, 6097, 6216, 6217, 6427, 6622, 6658, 6693, 6712, 6740, 6939, 7103, 7149, 7251, 7252, 7253, 7254, 7255, 7263, 7266, 7291, 7479, 7604, 7623, 7682, 7683, 7684, 7685, 7764, 7765, 7766, 7767, 7768, 7860, 7873, 7889, 7898, 7991, 7998, 8068, 8070, 8096, 8097, 8098, 8099, 8256, 8530, 8718, 8720, 8792, 8930, 9001, 9142, 9218, 9298, 9299, 9306, 9307, 9308, 9309, 9388, 9389, 9390, 9555, 9641, 9657, 9658, 9659, 9678, 9682, 9683, 9684, 9685, 9686, 9687, 9688, 9759, 9833, 9874, 9933, 9941, 9985, 10234, 10235, 10236, 10237, 10238, 10239, 10327, 10328, 10329, 10487, 10586, 10587, 10588, 10650, 10677, 10701, 10702, 10713, 11009, 11193, 11294, 11538, 11555, 11627, 11669, 11673, 11929, 12000, 12054, 12055, 12056, 12235, 12247, 12276, 12345, 12346, 12347, 12348, 12349, 12351, 12377, 12378, 12593, 12763, 12764, 12765, 12766, 12767, 12896, 12897, 12905, 12968, 12986, 13033, 13041, 13058, 13132, 13158, 13371, 13372, 13373, 13455, 13497, 13520, 13556, 13640, 13868, 13871, 13896, 13916, 13944, 13956, 13957, 13984, 13999, 14244, 14318, 14550, 14556, 14584, 14602, 14661, 14662, 14663, 14668, 14697, 14726, 14736, 14776, 14777, 14778, 14785, 14890, 15015, 15096, 15101, 15102, 15103, 15104, 15105, 15106, 15147, 15209, 15210, 15211, 15212, 15213, 15270, 15281]",001,EXV9923358,Kim & Lee Technologies,US
"[162, 163, 190, 223, 313, 450, 492, 493, 494, 495, 496, 584, 585, 586, 587, 689, 840, 841, 842, 843, 844, 851, 913, 966, 1028, 1047, 1060, 1264, 1293, 1308, 1521, 1524, 1525, 1526, 1527, 1528, 1570, 1601, 1764, 1793, 1794, 1795, 1796, 2063, 2096, 2259, 2440, 2441, 2442, 2443, 2444, 2482, 2506, 2549, 2595, 2614, 2676, 2677, 2678, 2719, 2751, 2762, 2796, 2909, 2937, 2963, 2983, 2984, 2985, 2986, 2987, 3007, 3020, 3144, 3332, 3333, 3334, 3349, 3350, 3351, 3352, 3370, 3371, 3372, 3494, 3499, 3576, 3577, 3578, 4019, 4047, 4048, 4049, 4052, 4167, 4191, 4292, 4330, 4346, 4415, 4488, 4786, 4835, 4878, 4909, 5130, 5186, 5268, 5330, 5504, 5507, 5508, 5509, 5619, 5620, 5621, 5622, 5719, 5743, 5774, 5816, 5871, 5899, 5941, 6074, 6261, 6306, 6386, 6467, 6486, 6762, 6985, 6990, 7084, 7142, 7143, 7144, 7145, 7146, 7147, 7166, 7215, 7264, 7370, 7372, 7373, 7374, 7421, 7505, 7666, 7688, 7734, 7922, 8189, 8226, 8242, 8361, 8391, 8407, 8553, 8599, 8615, 8652, 8809, 8874, 8875, 8876, 8877, 8981, 9060, 9061, 9062, 9063, 9080, 9109, 9132, 9238, 9300, 9301, 9302, 9303, 9367, 9439, 9487, 9533, 9569, 9634, 9742, 9747, 9748, 9749, 9854, 10026, 10087, 10254, 10284, 10548, 10613, 10624, 10843, 10945, 10983, 10984, 10985, 10986, 10987, 10988, 11067, 11119, 11120, 11121, 11122, 11123, 11227, 11228, 11229, 11230, 11343, 11426, 11427, 11428, 11458, 11620, 11687, 11800, 11863, 11864, 11865, 11997, 11998, 11999, 12465, 12466, 12607, 12699, 12745, 12805, 12806, 12807, 12831, 12871, 12899, 12979, 12991, 13005, 13020, 13074, 13156, 13324, 13332, 13376, 13383, 13384, 13385, 13450, 13579, 13584, 13629, 13780, 13795, 13798, 13844, 13860, 13861, 13862, 13863, 13927, 14033, 14059, 14125, 14126, 14127, 14128, 14129, 14130, 14131, 14140, 14286, 14480, 14540, 14541, 14542, 14543, 14652, 14699, 14730, 14863, 14934, 15003, 15004, 15017, 15097, 15414]",001,YSV1911248,Galaxy IT Services,JP
"[175, 239, 240, 241, 242, 243, 327, 679, 680, 681, 682, 683, 684, 768, 831, 832, 833, 1080, 1258, 1259, 1265, 1278, 1351, 1435, 1665, 1848, 1896, 1962, 2032, 2186, 2236, 2358, 2432, 2477, 2491, 2560, 2631, 2632, 2633, 2634, 2635, 2647, 2783, 3042, 3043, 3054, 3107, 3135, 3191, 3192, 3193, 3194, 3287, 3288, 3289, 3290, 3291, 3311, 3331, 3492, 3642, 3651, 3752, 3754, 3755, 3913, 3914, 3915, 3916, 3928, 3991, 4214, 4269, 4325, 4335, 4500, 4512, 4694, 4751, 4771, 5157, 5158, 5159, 5160, 5161, 5196, 5197, 5216, 5287, 5295, 5296, 5588, 5768, 5769, 5770, 5771, 5772, 5790, 5867, 5883, 5905, 5961, 6005, 6127, 6128, 6129, 6130, 6419, 6468, 6482, 6560, 6592, 6600, 6681, 6876, 6916, 6917, 6918, 6919, 6920, 7008, 7154, 7159, 7163, 7236, 7308, 7368, 7661, 7695, 7706, 7970, 8069, 8318, 8319, 8320, 8321, 8322, 8360, 8518, 8903, 8904, 8905, 8921, 8971, 9007, 9008, 9009, 9010, 9011, 9207, 9297, 9362, 9444, 9445, 9446, 9491, 9492, 9493, 9494, 9825, 9826, 9827, 9828, 9891, 9892, 9897, 9898, 9899, 9900, 10017, 10039, 10041, 10269, 10381, 10386, 10461, 10462, 10463, 10464, 10465, 10564, 10574, 10632, 10636, 10637, 10638, 10639, 10640, 10649, 10771, 10812, 10842, 10913, 10956, 10957, 11033, 11097, 11186, 11199, 11214, 11234, 11278, 11279, 11280, 11281, 11282, 11283, 11422, 11438, 11473, 11474, 11475, 11476, 11477, 11478, 11537, 11575, 11576, 11577, 11578, 11579, 11714, 11754, 11833, 11924, 11937, 12014, 12019, 12132, 12133, 12205, 12216, 12300, 12372, 12426, 12516, 12659, 12660, 12661, 12662, 12663, 12696, 12966, 13044, 13424, 13425, 13426, 13427, 13518, 13596, 13658, 13847, 13873, 13874, 13875, 13876, 13877, 13878, 13901, 14080, 14239, 14240, 14241, 14251, 14342, 14570, 14703, 14713, 14743, 14852, 14875, 15059, 15079, 15359, 15422, 15468, 15476, 15515]",001,MUT0417299,Ramirez & Hijos Consultoría,EC
"[176, 524, 608, 609, 610, 611, 612, 627, 784, 808, 823, 824, 860, 871, 925, 1024, 1104, 1260, 1374, 1383, 1384, 1385, 1386, 1387, 1388, 1417, 1441, 1442, 1462, 1575, 1593, 1611, 1645, 1679, 1680, 1681, 1682, 1683, 1750, 1775, 1785, 1833, 1964, 2100, 2101, 2270, 2334, 2363, 2454, 2468, 2490, 2670, 2704, 2788, 2794, 2809, 2810, 2835, 2865, 2866, 2867, 2868, 3039, 3041, 3183, 3321, 3343, 3377, 3533, 3560, 3589, 3735, 3844, 3860, 3969, 3970, 3971, 4040, 4202, 4412, 4490, 4491, 4492, 4493, 4538, 4547, 4566, 4593, 4660, 4661, 4662, 4663, 4804, 4838, 4880, 4890, 4917, 5004, 5131, 5140, 5150, 5173, 5235, 5313, 5615, 5678, 5710, 5711, 5712, 5713, 5785, 5859, 5933, 5970, 5971, 5972, 5973, 5974, 5975, 5984, 6002, 6075, 6076, 6077, 6215, 6229, 6307, 6308, 6309, 6310, 6311, 6321, 6359, 6410, 6519, 6536, 6556, 6595, 6686, 6765, 6781, 6782, 6783, 6784, 6785, 6806, 6830, 6875, 6923, 7060, 7061, 7062, 7063, 7064, 7065, 7066, 7157, 7240, 7243, 7436, 7469, 7517, 7518, 7519, 7634, 7635, 7643, 7648, 7674, 7687, 7797, 7967, 8007, 8014, 8015, 8080, 8193, 8239, 8243, 8310, 8377, 8399, 8400, 8401, 8402, 8404, 8405, 8406, 8442, 8501, 8537, 8570, 8616, 8617, 8618, 8619, 8852, 8987, 8988, 8989, 8990, 9094, 9360, 9490, 9503, 9594, 9691, 9716, 9850, 9856, 10143, 10144, 10145, 10146, 10148, 10185, 10253, 10333, 10529, 10665, 10816, 10877, 10887, 11023, 11024, 11028, 11046, 11056, 11058, 11161, 11162, 11212, 11226, 11271, 11293, 11356, 11479, 11491, 11599, 11676, 11767, 11772, 11784, 11785, 11786, 11862, 11890, 12136, 12137, 12138, 12182, 12196, 12253, 12390, 12477, 12498, 12519, 12692, 12719, 12728, 12729, 12730, 12731, 12732, 12733, 12937, 12938, 12939, 13014, 13015, 13017, 13050, 13183, 13184, 13216, 13362, 13382, 13456, 13457, 13458, 13514, 13531, 13586, 13587, 13588, 13614, 13747, 13933, 13962, 13963, 13964, 13965, 14035, 14036, 14037, 14055, 14163, 14164, 14230, 14249, 14260, 14364, 14367, 14380, 14452, 14528, 14539, 14794, 14795, 14796, 14797, 14798, 14799, 14800, 14803, 14864, 14871, 14931, 15031, 15060, 15107, 15123, 15491]",001,TIH6044372,Dubois & Frères SARL,ZW
"[179, 180, 181, 182, 193, 227, 270, 275, 298, 299, 300, 323, 355, 479, 480, 481, 482, 483, 497, 568, 596, 597, 598, 599, 600, 601, 834, 1073, 1114, 1202, 1248, 1286, 1287, 1288, 1289, 1333, 1334, 1335, 1336, 1340, 1356, 1419, 1483, 1484, 1485, 1486, 1728, 1846, 1948, 1949, 1950, 2133, 2134, 2221, 2366, 2901, 3096, 3108, 3317, 3486, 3568, 3571, 3572, 3573, 3574, 3575, 3595, 3648, 3682, 3759, 4051, 4059, 4070, 4125, 4151, 4164, 4192, 4252, 4253, 4262, 4427, 4513, 4583, 4726, 4727, 4728, 4729, 4730, 4731, 4774, 5057, 5084, 5449, 5456, 5536, 5765, 5977, 6014, 6145, 6160, 6207, 6241, 6284, 6397, 6416, 6439, 6440, 6441, 6474, 6640, 6701, 6724, 6725, 6726, 6727, 6728, 6889, 6941, 6942, 6943, 6944, 7024, 7069, 7070, 7071, 7072, 7073, 7086, 7247, 7271, 7358, 7500, 7541, 7587, 7610, 7628, 7866, 7927, 8111, 8344, 8357, 8358, 8359, 8508, 8564, 8565, 8566, 8567, 8568, 8569, 8574, 8854, 9029, 9030, 9031, 9219, 9220, 9221, 9222, 9223, 9276, 9396, 9440, 9495, 9546, 9548, 9549, 9550, 9583, 9601, 9777, 9798, 9812, 9813, 9993, 10112, 10113, 10114, 10115, 10116, 10117, 10118, 10134, 10243, 10297, 10298, 10343, 10427, 10444, 10470, 10630, 10675, 10905, 11134, 11137, 11138, 11139, 11140, 11463, 11482, 11499, 11571, 11597, 11613, 11614, 11615, 11616, 11617, 11618, 11619, 11780, 11945, 11959, 12159, 12160, 12161, 12162, 12176, 12177, 12178, 12179, 12180, 12197, 12198, 12199, 12200, 12201, 12262, 12263, 12453, 12541, 12545, 12571, 12612, 12678, 12679, 12680, 12681, 12682, 12695, 12714, 12865, 12907, 13116, 13206, 13245, 13303, 13448, 13465, 13607, 13608, 13609, 13622, 13781, 13782, 13783, 13784, 13849, 13864, 13865, 13866, 13867, 13888, 13889, 13890, 13891, 13932, 14000, 14109, 14176, 14177, 14202, 14227, 14283, 14341, 14419, 14513, 14664, 14739, 14740, 14741, 14754, 14859, 14877, 14880, 14921, 15148, 15245, 15246, 15247, 15248, 15249, 15250, 15251, 15327]",001,SVK9876542,Oliveira & Filhos Comércio,ZW
"[183, 208, 236, 309, 541, 605, 670, 705, 713, 1075, 1102, 1365, 1434, 1445, 1520, 1652, 1654, 1735, 1738, 1789, 1835, 1889, 1943, 2003, 2026, 2076, 2156, 2191, 2310, 2425, 2479, 2507, 2508, 2509, 2759, 2760, 2761, 2837, 2838, 2839, 2840, 2841, 2843, 2844, 2845, 2846, 2847, 2903, 2910, 2916, 3000, 3001, 3002, 3003, 3004, 3012, 3230, 3309, 3323, 3511, 3540, 3583, 3587, 3612, 3653, 3676, 3769, 3949, 4058, 4118, 4127, 4144, 4193, 4194, 4195, 4199, 4238, 4239, 4240, 4241, 4242, 4243, 4259, 4299, 4302, 4316, 4329, 4347, 4462, 4650, 4651, 4652, 4653, 4749, 4785, 4944, 4945, 4946, 4947, 4948, 5007, 5008, 5009, 5109, 5135, 5136, 5137, 5148, 5177, 5185, 5203, 5252, 5253, 5399, 5649, 5650, 5651, 5652, 5709, 5753, 5897, 6015, 6034, 6069, 6070, 6071, 6072, 6073, 6080, 6081, 6082, 6083, 6260, 6272, 6276, 6498, 6501, 6602, 6609, 6678, 6694, 6747, 6854, 6855, 6856, 6857, 6858, 6859, 6860, 6861, 6950, 7107, 7261, 7306, 7360, 7361, 7362, 7363, 7364, 7365, 7366, 7401, 7595, 7625, 7741, 7761, 7784, 7785, 7830, 8060, 8127, 8146, 8210, 8211, 8212, 8290, 8304, 8393, 8394, 8502, 8803, 8804, 8805, 8806, 8808, 8827, 8897, 8992, 9076, 9082, 9083, 9084, 9085, 9098, 9117, 9260, 9401, 9402, 9403, 9404, 9504, 9505, 9506, 9507, 9508, 9509, 9578, 9579, 9722, 9726, 9727, 9730, 9751, 10140, 10348, 10349, 10350, 10351, 10352, 10418, 10498, 10607, 10747, 10961, 11124, 11168, 11169, 11170, 11171, 11172, 11173, 11598, 11882, 11883, 11884, 11885, 11886, 11887, 11916, 12058, 12068, 12069, 12070, 12071, 12072, 12073, 12109, 12354, 12490, 12531, 12739, 12760, 12867, 12906, 12989, 13016, 13137, 13143, 13157, 13160, 13453, 13484, 13492, 13545, 13567, 13637, 13869, 13892, 14113, 14114, 14115, 14116, 14117, 14118, 14141, 14144, 14209, 14210, 14211, 14303, 14337, 14454, 14455, 14456, 14457, 14458, 14485, 14530, 14715, 14817, 14818, 14819, 14828, 14854, 14911, 14912, 14913, 14914, 14915, 14996, 15086, 15142, 15151, 15343, 15358]",001,RJT9884296,OpalStone Mining Inc.,ES
"[189, 221, 402, 511, 559, 560, 561, 614, 617, 697, 802, 859, 952, 1042, 1078, 1236, 1311, 1323, 1324, 1325, 1326, 1389, 1390, 1515, 1522, 1823, 1843, 1847, 1856, 1857, 1858, 1859, 1860, 1869, 1957, 1961, 2059, 2135, 2170, 2262, 2295, 2303, 2457, 2559, 2689, 2690, 2714, 2764, 2930, 2950, 2999, 3038, 3074, 3087, 3353, 3389, 3476, 3477, 3478, 3610, 3637, 3680, 3712, 3728, 3858, 3891, 3892, 3893, 3894, 3895, 3944, 3967, 4189, 4350, 4483, 4527, 4528, 4529, 4530, 4544, 4699, 4893, 4908, 4927, 4933, 4995, 5125, 5126, 5127, 5189, 5190, 5191, 5192, 5407, 5471, 5472, 5473, 5474, 5681, 5682, 5683, 5684, 5733, 5755, 5756, 5757, 5806, 5862, 5863, 5864, 5865, 5866, 6131, 6132, 6133, 6134, 6135, 6542, 6636, 6664, 6741, 6786, 6787, 6788, 6789, 6790, 6791, 6792, 6829, 6885, 6886, 6891, 6940, 7035, 7113, 7114, 7115, 7133, 7256, 7257, 7258, 7260, 7527, 7528, 7529, 7530, 7531, 7532, 7713, 7808, 7826, 7868, 7875, 7903, 7904, 7905, 7906, 7948, 8045, 8149, 8150, 8151, 8152, 8153, 8154, 8161, 8224, 8301, 8658, 8659, 8660, 8695, 8737, 8820, 8821, 8822, 8823, 8856, 8857, 8858, 8859, 8860, 8861, 8886, 8991, 9104, 9105, 9106, 9107, 9182, 9259, 9311, 9352, 9442, 9884, 9885, 9886, 9887, 9888, 10232, 10233, 10371, 10376, 10384, 10482, 10483, 10593, 10594, 10595, 10596, 10597, 10614, 10740, 10744, 10803, 10820, 10821, 10822, 10823, 10839, 10931, 10933, 10934, 10935, 11008, 11040, 11093, 11094, 11095, 11250, 11251, 11252, 11416, 11684, 11715, 11720, 11771, 11821, 11973, 12237, 12250, 12261, 12278, 12317, 12386, 12637, 12713, 12756, 12757, 12758, 12759, 12913, 13036, 13084, 13090, 13091, 13092, 13093, 13094, 13102, 13145, 13162, 13175, 13246, 13343, 13344, 13345, 13466, 13542, 13610, 13662, 13758, 13764, 13822, 14002, 14090, 14105, 14124, 14156, 14183, 14184, 14185, 14203, 14320, 14329, 14330, 14331, 14332, 14333, 14399, 14441, 14474, 14601, 14685, 14811, 14812, 14899, 14900, 14901, 14970, 14977, 15074, 15075, 15076, 15124, 15223, 15265, 15266, 15267, 15268]",001,GXB1113780,Hassan & Co. Ltd.,ES
"[209, 324, 393, 521, 741, 876, 877, 878, 879, 880, 908, 909, 910, 911, 965, 1084, 1101, 1112, 1162, 1454, 1455, 1456, 1457, 1487, 1616, 1630, 1631, 1762, 1945, 1946, 2034, 2306, 2381, 2414, 2421, 2422, 2423, 2424, 2615, 2650, 2685, 2740, 2871, 2879, 3055, 3084, 3143, 3152, 3438, 3439, 3440, 3441, 3567, 3632, 3633, 3903, 3904, 3905, 3954, 3993, 4092, 4133, 4134, 4135, 4136, 4308, 4385, 4402, 4423, 4424, 4425, 4426, 4645, 4681, 4682, 4683, 4684, 4685, 4695, 4776, 4820, 4852, 4853, 4854, 4964, 5025, 5063, 5243, 5277, 5384, 5385, 5450, 5550, 5569, 5601, 5638, 5927, 6022, 6092, 6093, 6094, 6095, 6214, 6320, 6339, 6361, 6362, 6363, 6364, 6365, 6366, 6425, 6534, 6766, 6773, 6845, 6874, 6887, 6951, 7192, 7202, 7203, 7204, 7205, 7206, 7342, 7427, 7510, 7572, 7580, 7705, 7731, 7849, 7850, 7851, 7899, 7942, 8011, 8012, 8013, 8019, 8020, 8021, 8145, 8223, 8366, 8367, 8368, 8538, 8597, 8669, 8689, 8707, 8819, 8851, 9162, 9163, 9164, 9165, 9175, 9208, 9240, 9241, 9242, 9243, 9278, 9318, 9397, 9419, 9435, 9513, 9565, 9566, 9567, 9568, 9643, 9710, 9830, 10090, 10091, 10092, 10093, 10094, 10095, 10096, 10126, 10147, 10213, 10304, 10363, 10499, 10535, 10536, 10796, 10797, 10798, 10944, 10965, 10975, 10976, 10977, 10978, 11017, 11018, 11019, 11084, 11183, 11255, 11329, 11337, 11366, 11540, 11612, 11757, 11758, 11891, 11912, 12155, 12168, 12169, 12170, 12171, 12172, 12173, 12335, 12374, 12375, 12376, 12409, 12434, 12455, 12463, 12464, 12570, 12769, 12904, 12942, 12943, 12944, 12945, 12946, 12947, 12948, 13022, 13023, 13070, 13077, 13125, 13127, 13133, 13165, 13166, 13167, 13168, 13214, 13215, 13302, 13315, 13356, 13357, 13358, 13374, 13495, 13522, 13619, 13620, 13621, 13726, 13802, 13830, 13852, 14016, 14020, 14021, 14022, 14146, 14288, 14292, 14300, 14301, 14302, 14308, 14368, 14415, 14416, 14417, 14450, 14700, 14706, 14707, 14722, 14723, 14724, 14744, 14770, 14771, 14772, 14773, 14774, 14832, 15048, 15073, 15100, 15203, 15204, 15205, 15206, 15207, 15238, 15356, 15372, 15440, 15452, 15457, 15498]",001,ABL2462450,Kim & Choi Electronics,FR
"[226, 296, 395, 632, 634, 826, 829, 830, 888, 944, 959, 987, 996, 1016, 1027, 1138, 1139, 1140, 1141, 1142, 1164, 1207, 1238, 1476, 1543, 1602, 1703, 1743, 1807, 1813, 1985, 1995, 2007, 2116, 2217, 2237, 2555, 2603, 2604, 2605, 2606, 2822, 2898, 2902, 3032, 3066, 3067, 3068, 3069, 3324, 3326, 3541, 3542, 3543, 3562, 3563, 3564, 3565, 3566, 3789, 3790, 3791, 3863, 3864, 3865, 3866, 3919, 3920, 3921, 4027, 4073, 4131, 4458, 4459, 4460, 4461, 4477, 4599, 4614, 4639, 4640, 4641, 4642, 4643, 4644, 4827, 4887, 4888, 4889, 5066, 5067, 5193, 5244, 5344, 5378, 5379, 5380, 5381, 5382, 5383, 5412, 5533, 5580, 5604, 5742, 5838, 5882, 5906, 5907, 5945, 6103, 6195, 6208, 6209, 6210, 6232, 6233, 6323, 6367, 6369, 6406, 6407, 6408, 6493, 6509, 6569, 6570, 6571, 6572, 6573, 6583, 6599, 6655, 6656, 6657, 6705, 6706, 6707, 6708, 6899, 7000, 7001, 7002, 7003, 7004, 7005, 7027, 7156, 7232, 7273, 7274, 7275, 7276, 7277, 7279, 7300, 7301, 7302, 7303, 7416, 7426, 7438, 7439, 7440, 7441, 7569, 7629, 7690, 7738, 7739, 7987, 8002, 8112, 8132, 8133, 8134, 8135, 8136, 8137, 8215, 8250, 8416, 8492, 8496, 8655, 8942, 8943, 8944, 8945, 8946, 8952, 8953, 9118, 9135, 9136, 9194, 9225, 9271, 9273, 9280, 9335, 9418, 9514, 9608, 9640, 9809, 9901, 10184, 10200, 10207, 10208, 10209, 10266, 10267, 10268, 10307, 10319, 10501, 10559, 10585, 10605, 10648, 10687, 10763, 10764, 10765, 10766, 10767, 10778, 11035, 11068, 11087, 11319, 11320, 11321, 11322, 11397, 11446, 11511, 11512, 11513, 11626, 11634, 11756, 11775, 12024, 12039, 12040, 12041, 12117, 12164, 12265, 12266, 12267, 12310, 12318, 12350, 12408, 12480, 12632, 12633, 12634, 12697, 12792, 13040, 13046, 13060, 13062, 13063, 13081, 13082, 13274, 13340, 13433, 13617, 13753, 13755, 13797, 13858, 13883, 13934, 13972, 14179, 14198, 14219, 14307, 14310, 14326, 14381, 14386, 14436, 14464, 14549, 14597, 14651, 14653, 14654, 14775, 14786, 14787, 14788, 14789, 14790, 14791, 15028, 15029, 15041, 15119, 15136, 15137, 15138, 15139, 15197, 15299, 15312, 15313, 15314, 15315, 15370, 15503]",001,QNK4898931,Bertolini & Figli S.p.A.,JP
"[234, 278, 281, 282, 283, 341, 366, 381, 445, 606, 825, 995, 1055, 1342, 1355, 1396, 1397, 1398, 1399, 1408, 1481, 1699, 1706, 1707, 1708, 1709, 1710, 1714, 1772, 1828, 1849, 2053, 2073, 2148, 2176, 2220, 2387, 2388, 2389, 2390, 2399, 2431, 2437, 2551, 2591, 2592, 2593, 2594, 2617, 2637, 2638, 2639, 2640, 2665, 2666, 2667, 2787, 2881, 2882, 2883, 2884, 2885, 3076, 3077, 3085, 3150, 3151, 3201, 3208, 3365, 3379, 3386, 3387, 3465, 3468, 3588, 3631, 3756, 3990, 4053, 4094, 4198, 4317, 4326, 4343, 4367, 4565, 4572, 4573, 4574, 4592, 4594, 4648, 4701, 4768, 4797, 4806, 4829, 4881, 4882, 4883, 4884, 4885, 4886, 4913, 4992, 5176, 5206, 5207, 5208, 5209, 5308, 5400, 5520, 5639, 5640, 5641, 5670, 6036, 6038, 6091, 6107, 6161, 6335, 6342, 6343, 6344, 6345, 6346, 6390, 6411, 6420, 6421, 6422, 6423, 6424, 6730, 6749, 6750, 6751, 6752, 6753, 6754, 6774, 6877, 7181, 7320, 7463, 7464, 7465, 7725, 7726, 7727, 7854, 7885, 7886, 7887, 7888, 7939, 7940, 7941, 7962, 8008, 8052, 8053, 8054, 8055, 8259, 8484, 8494, 8580, 8581, 8582, 8698, 8825, 8889, 8890, 8891, 8892, 8893, 8894, 8995, 9002, 9075, 9139, 9140, 9244, 9325, 9420, 9421, 9713, 9870, 9896, 9943, 9944, 9945, 9946, 10176, 10331, 10360, 10476, 10490, 10491, 10492, 10493, 10494, 10502, 10503, 10504, 10549, 10550, 10551, 10552, 10553, 10554, 10570, 10571, 10572, 10652, 10690, 10801, 10954, 11135, 11266, 11324, 11325, 11326, 11339, 11404, 11408, 11454, 11679, 11680, 11726, 11832, 11888, 12017, 12018, 12042, 12175, 12387, 12398, 12399, 12400, 12401, 12597, 12626, 12654, 12790, 13003, 13072, 13105, 13108, 13203, 13618, 13636, 13990, 13991, 13992, 13993, 14019, 14083, 14233, 14234, 14235, 14236, 14237, 14284, 14299, 14378, 14387, 14421, 14523, 14534, 14868, 14884, 14988, 14990, 15033, 15087, 15088, 15089, 15215, 15269, 15292, 15293, 15294, 15295, 15444]",001,JVE9656627,Vista Health Care Services,SV
"[238, 416, 498, 677, 716, 795, 796, 797, 798, 799, 906, 945, 951, 1039, 1131, 1143, 1161, 1167, 1279, 1668, 1669, 1670, 1671, 1786, 1829, 1830, 1831, 1832, 1897, 1935, 1936, 1937, 1938, 1939, 2124, 2177, 2203, 2274, 2464, 2607, 2659, 2700, 2808, 2872, 3176, 3177, 3178, 3179, 3180, 3219, 3220, 3221, 3264, 3484, 3569, 3647, 3669, 3861, 4029, 4123, 4185, 4218, 4248, 4409, 4446, 4453, 4454, 4455, 4456, 4561, 4571, 4817, 4818, 4857, 5106, 5187, 5188, 5316, 5317, 5318, 5319, 5320, 5366, 5367, 5444, 5445, 5446, 5617, 5727, 5915, 5960, 5983, 6024, 6025, 6026, 6027, 6028, 6104, 6179, 6231, 6292, 6456, 6539, 6559, 6593, 6660, 6832, 6833, 6834, 6847, 6849, 6850, 6851, 6852, 6853, 6864, 6963, 6997, 6998, 6999, 7134, 7135, 7136, 7137, 7241, 7315, 7316, 7317, 7537, 7538, 7539, 7540, 7640, 7649, 7673, 7751, 7804, 7838, 7857, 7893, 7894, 7895, 7896, 7902, 7930, 7931, 7932, 7933, 7956, 7957, 7958, 7959, 7963, 8061, 8113, 8159, 8465, 8466, 8467, 8482, 8504, 8517, 8585, 8793, 8794, 8795, 8843, 8864, 8865, 8866, 8908, 8919, 9141, 9178, 9265, 9319, 9326, 9426, 9427, 9428, 9429, 9482, 9483, 9582, 9592, 9602, 9638, 9705, 9706, 9707, 9708, 9764, 9880, 9920, 10013, 10062, 10133, 10136, 10156, 10300, 10301, 10302, 10303, 10305, 10346, 10604, 10806, 10813, 10814, 10832, 10937, 11014, 11030, 11091, 11289, 11348, 11349, 11350, 11351, 11352, 11367, 11374, 11389, 11481, 11504, 11505, 11506, 11507, 11528, 11529, 11664, 11762, 11763, 11766, 11975, 12225, 12252, 12268, 12269, 12270, 12271, 12272, 12363, 12364, 12397, 12435, 12468, 12532, 12567, 12569, 12630, 12715, 12716, 12717, 12843, 12855, 12856, 12877, 13002, 13103, 13155, 13163, 13323, 13366, 13513, 13631, 13686, 13687, 13688, 13689, 13690, 13691, 13703, 13732, 13762, 13786, 13821, 13842, 13898, 13899, 13900, 13928, 13929, 13930, 13931, 13971, 14043, 14044, 14045, 14120, 14121, 14122, 14123, 14338, 14388, 14585, 14586, 14587, 14614, 14615, 14616, 14617, 14666, 14925, 15201, 15291, 15323, 15324, 15325, 15326, 15340, 15341]",001,NVA0018948,Liu & Chao Engineering,NO
"[280, 370, 476, 538, 749, 754, 869, 881, 927, 928, 929, 930, 931, 932, 990, 1063, 1064, 1065, 1205, 1421, 1422, 1423, 1424, 1425, 1427, 1545, 1547, 1619, 1620, 1621, 1622, 1646, 1696, 1790, 2050, 2062, 2075, 2123, 2395, 2407, 2408, 2409, 2410, 2411, 2546, 2616, 2789, 2790, 2791, 2832, 2959, 2976, 3280, 3408, 3444, 3474, 3498, 3552, 3668, 3671, 3683, 3960, 3961, 3962, 3963, 4090, 4115, 4116, 4117, 4531, 4545, 4560, 4601, 4761, 4813, 4814, 4815, 4873, 4930, 5236, 5310, 5671, 5777, 5781, 5837, 5911, 5917, 5930, 6004, 6061, 6119, 6218, 6289, 6480, 6528, 6529, 6530, 6531, 6532, 6607, 6650, 6654, 6764, 6797, 6813, 6936, 6937, 7023, 7093, 7100, 7109, 7148, 7226, 7237, 7267, 7287, 7340, 7489, 7571, 7652, 7805, 7811, 7812, 7813, 7831, 8158, 8178, 8217, 8527, 8541, 8542, 8543, 8544, 8573, 8583, 8603, 8621, 8725, 8726, 8727, 8739, 8835, 9013, 9014, 9077, 9344, 9438, 9452, 9527, 9607, 9621, 9709, 9763, 9765, 9799, 9839, 9909, 9949, 9968, 9969, 9970, 9971, 10048, 10099, 10102, 10103, 10104, 10141, 10241, 10242, 10299, 10417, 10542, 10556, 10606, 10683, 10724, 10725, 10726, 10727, 10870, 11106, 11248, 11257, 11440, 11546, 11580, 11650, 11662, 11725, 11734, 11735, 11736, 11737, 11738, 11739, 11740, 11741, 11742, 11743, 11760, 12059, 12077, 12323, 12337, 12338, 12339, 12340, 12341, 12413, 12467, 12655, 12700, 12841, 13065, 13151, 13328, 13329, 13330, 13331, 13341, 13460, 13461, 13462, 13463, 13477, 13505, 13576, 13627, 13641, 13654, 13679, 13749, 13750, 13751, 13752, 13778, 13880, 13904, 13995, 14034, 14110, 14111, 14112, 14180, 14181, 14182, 14197, 14282, 14312, 14379, 14434, 14472, 14482, 14635, 14727, 14761, 14932, 14985, 14986, 14987, 15050, 15110, 15111, 15112, 15113, 15178, 15263, 15264, 15413, 15427]",001,EEN7276041,Apollo Catering Services,EC
"[314, 343, 440, 665, 686, 717, 718, 719, 778, 817, 836, 837, 838, 839, 914, 1011, 1012, 1013, 1014, 1015, 1037, 1113, 1220, 1367, 1529, 1530, 1531, 1827, 1942, 1952, 1953, 2011, 2089, 2090, 2091, 2166, 2167, 2168, 2169, 2190, 2229, 2332, 2385, 2450, 2460, 2461, 2462, 2463, 2501, 2502, 2503, 2504, 2505, 2525, 2701, 2952, 2953, 2954, 2955, 3210, 3211, 3358, 3456, 3664, 3665, 3666, 3667, 3689, 3696, 3697, 3698, 3699, 3700, 3701, 3702, 3749, 3820, 4002, 4114, 4159, 4222, 4414, 4452, 4809, 4980, 5085, 5086, 5087, 5088, 5089, 5090, 5091, 5132, 5169, 5198, 5218, 5219, 5220, 5221, 5276, 5288, 5289, 5290, 5374, 5576, 5581, 5582, 5583, 5584, 5694, 5695, 5696, 5697, 5714, 5747, 5817, 5898, 5904, 5914, 6007, 6114, 6264, 6315, 6319, 6545, 6586, 6722, 6793, 6811, 6812, 6846, 7041, 7083, 7230, 7289, 7346, 7494, 7495, 7506, 7602, 7769, 8078, 8081, 8091, 8092, 8093, 8094, 8167, 8173, 8232, 8413, 8426, 8427, 8428, 8429, 8521, 8532, 8586, 8601, 8682, 8683, 8684, 8685, 8728, 8824, 8887, 8895, 8967, 9116, 9275, 9443, 9449, 9454, 9489, 9502, 9574, 9636, 9752, 9761, 9958, 10256, 10323, 10324, 10372, 10380, 10481, 10710, 10712, 10748, 10791, 10808, 10809, 10962, 10963, 11042, 11197, 11198, 11218, 11219, 11267, 11363, 11424, 11532, 11533, 11534, 11535, 11667, 11745, 11752, 11808, 11820, 11976, 12211, 12212, 12213, 12214, 12215, 12218, 12425, 12441, 12483, 12594, 12718, 12740, 12900, 12901, 12934, 12952, 13192, 13346, 13347, 13359, 13413, 13439, 13440, 13441, 13442, 13498, 13499, 13521, 13547, 13575, 13704, 13819, 13843, 14042, 14053, 14054, 14245, 14248, 14336, 14346, 14398, 14467, 14574, 14878, 15034, 15043, 15044, 15045, 15140, 15216, 15217, 15218, 15219, 15220, 15221, 15222, 15443, 15509]",001,JYB8631854,Dubois & Co. S.A.R.L.,ZW
"[333, 367, 371, 396, 397, 398, 399, 430, 443, 444, 520, 615, 624, 759, 760, 761, 904, 1072, 1094, 1095, 1096, 1097, 1098, 1099, 1100, 1169, 1246, 1251, 1252, 1253, 1254, 1375, 1414, 1511, 1551, 1571, 1576, 1801, 1802, 1803, 1804, 1805, 1884, 1908, 1909, 1910, 1911, 1971, 1972, 1973, 1987, 1988, 1989, 1990, 1991, 2048, 2280, 2369, 2415, 2439, 2453, 2476, 2524, 2540, 2562, 2741, 2906, 2926, 2927, 2928, 2929, 3040, 3224, 3226, 3227, 3228, 3229, 3330, 3348, 3581, 3590, 3618, 3629, 3692, 3693, 3694, 3779, 3780, 3781, 3782, 3783, 3826, 3931, 3998, 4031, 4163, 4188, 4233, 4266, 4312, 4401, 4537, 4659, 4784, 4798, 4879, 4982, 4989, 5303, 5305, 5375, 5475, 5480, 5492, 5493, 5494, 5495, 5496, 5497, 5521, 5522, 5523, 5524, 5525, 5526, 5532, 5612, 5703, 5821, 5822, 5823, 5824, 5825, 5826, 5943, 5978, 6023, 6054, 6123, 6285, 6391, 6392, 6393, 6395, 6484, 6631, 6632, 6633, 6634, 6759, 6866, 6867, 6868, 6869, 6900, 6995, 6996, 7281, 7333, 7334, 7345, 7535, 7601, 7689, 7753, 7754, 7829, 7840, 7848, 7926, 7935, 7936, 7937, 7938, 8102, 8157, 8245, 8246, 8247, 8248, 8289, 8331, 8430, 8481, 8483, 8520, 8571, 8595, 8677, 8933, 8934, 8935, 8936, 8937, 9079, 9138, 9187, 9188, 9189, 9239, 9405, 9406, 9413, 9414, 9415, 9416, 9417, 9433, 9469, 9470, 9471, 9472, 9473, 9474, 9557, 9605, 9615, 9616, 9617, 9644, 9731, 9775, 9867, 10186, 10219, 10220, 10221, 10222, 10325, 10364, 10424, 10425, 10426, 10460, 10610, 10611, 10664, 10711, 10924, 11003, 11055, 11059, 11060, 11061, 11062, 11063, 11064, 11145, 11216, 11297, 11435, 11501, 11503, 11526, 11601, 11602, 11603, 11604, 11605, 11606, 11623, 11678, 11789, 11930, 11982, 12141, 12142, 12143, 12144, 12145, 12146, 12224, 12311, 12312, 12313, 12314, 12315, 12331, 12332, 12333, 12421, 12533, 12534, 12535, 12702, 12726, 12794, 12809, 12846, 12847, 12950, 12965, 12985, 13034, 13117, 13153, 13179, 13180, 13181, 13261, 13262, 13263, 13264, 13286, 13369, 13375, 13377, 13421, 13540, 13541, 13649, 14078, 14091, 14094, 14108, 14150, 14151, 14152, 14153, 14154, 14165, 14232, 14366, 14382, 14446, 14518, 14519, 14521, 14567, 14639, 14640, 14641, 14642, 14719, 14729, 14747, 14748, 14749, 14755, 14804, 14805, 14806, 14807, 14808, 14824, 14825, 14826, 14827, 15126, 15127, 15128, 15165, 15179, 15180, 15181, 15182, 15183, 15305, 15306, 15307, 15308, 15317, 15318, 15373, 15412, 15441, 15475]",001,HFX5107881,Pacific Ocean Fisheries,PA
